"los.6w","Freq"
"-0.200694444444444",1
"-0.165972222222222",1
"-0.0659722222222222",1
"0.000694444444444444",1
"0.00555555555555556",1
"0.0138888888888889",1
"0.0333333333333333",1
"0.0395833333333333",1
"0.0520833333333333",1
"0.0576388888888889",1
"0.0770833333333333",1
"0.0826388888888889",2
"0.123611111111111",1
"0.145138888888889",1
"0.178472222222222",1
"0.188888888888889",1
"0.190972222222222",1
"0.191666666666667",1
"0.23125",1
"0.272916666666667",1
"0.274305555555556",1
"0.308333333333333",1
"0.329861111111111",1
"0.345138888888889",1
"0.346527777777778",1
"0.347916666666667",1
"0.349305555555556",1
"0.359027777777778",1
"0.364583333333333",1
"0.365972222222222",1
"0.366666666666667",1
"0.368055555555556",1
"0.370138888888889",1
"0.390972222222222",1
"0.391666666666667",1
"0.394444444444444",1
"0.397222222222222",1
"0.401388888888889",2
"0.404166666666667",1
"0.409027777777778",1
"0.423611111111111",1
"0.424305555555556",1
"0.454166666666667",1
"0.454861111111111",1
"0.45625",1
"0.457638888888889",1
"0.459027777777778",1
"0.459722222222222",1
"0.461111111111111",1
"0.477083333333333",1
"0.481944444444444",1
"0.484722222222222",2
"0.488194444444444",1
"0.495833333333333",1
"0.499305555555556",1
"0.502777777777778",1
"0.503472222222222",2
"0.504166666666667",1
"0.504861111111111",1
"0.509027777777778",1
"0.519444444444444",1
"0.520138888888889",2
"0.521527777777778",1
"0.527777777777778",1
"0.53125",1
"0.539583333333333",1
"0.540972222222222",1
"0.552083333333333",1
"0.55625",1
"0.558333333333333",1
"0.563194444444444",1
"0.565972222222222",2
"0.568055555555556",2
"0.570138888888889",1
"0.572916666666667",2
"0.575694444444444",1
"0.582638888888889",1
"0.583333333333333",2
"0.584027777777778",1
"0.584722222222222",1
"0.588194444444444",1
"0.589583333333333",1
"0.596527777777778",1
"0.6",1
"0.600694444444444",1
"0.604166666666667",1
"0.607638888888889",1
"0.609722222222222",1
"0.6125",1
"0.613888888888889",1
"0.615972222222222",1
"0.620138888888889",1
"0.622222222222222",1
"0.623611111111111",1
"0.630555555555556",1
"0.633333333333333",1
"0.638888888888889",1
"0.643055555555555",1
"0.644444444444444",2
"0.647916666666667",1
"0.650694444444444",2
"0.651388888888889",1
"0.652083333333333",2
"0.65625",2
"0.659027777777778",1
"0.661805555555556",2
"0.6625",1
"0.664583333333333",1
"0.665972222222222",1
"0.666666666666667",1
"0.667361111111111",1
"0.66875",1
"0.669444444444444",1
"0.671527777777778",1
"0.677777777777778",1
"0.681944444444444",1
"0.686111111111111",1
"0.689583333333333",2
"0.690972222222222",1
"0.691666666666667",1
"0.695138888888889",1
"0.698611111111111",1
"0.703472222222222",1
"0.70625",1
"0.706944444444444",1
"0.711111111111111",3
"0.715277777777778",1
"0.718055555555556",1
"0.721527777777778",1
"0.726388888888889",2
"0.728472222222222",1
"0.731944444444444",1
"0.734027777777778",1
"0.734722222222222",1
"0.736805555555555",1
"0.7375",1
"0.740277777777778",1
"0.740972222222222",1
"0.742361111111111",1
"0.745138888888889",1
"0.747222222222222",1
"0.749305555555556",1
"0.751388888888889",1
"0.752083333333333",2
"0.753472222222222",2
"0.755555555555556",1
"0.757638888888889",1
"0.759027777777778",1
"0.760416666666667",1
"0.761805555555556",3
"0.763888888888889",2
"0.765972222222222",1
"0.767361111111111",1
"0.768055555555555",2
"0.769444444444444",3
"0.773611111111111",1
"0.774305555555555",3
"0.775694444444444",1
"0.776388888888889",1
"0.777083333333333",1
"0.778472222222222",2
"0.779166666666667",1
"0.781944444444444",1
"0.784027777777778",1
"0.785416666666667",1
"0.786805555555556",1
"0.788888888888889",1
"0.790277777777778",1
"0.791666666666667",2
"0.793055555555556",1
"0.795833333333333",1
"0.797916666666667",1
"0.8",1
"0.802083333333333",1
"0.802777777777778",1
"0.803472222222222",1
"0.805555555555555",1
"0.80625",1
"0.806944444444444",1
"0.809027777777778",1
"0.810416666666667",1
"0.811111111111111",1
"0.811805555555556",2
"0.8125",2
"0.814583333333333",3
"0.815972222222222",2
"0.816666666666667",2
"0.818055555555556",1
"0.81875",3
"0.820833333333333",1
"0.822222222222222",2
"0.824305555555556",1
"0.827777777777778",1
"0.828472222222222",1
"0.829861111111111",1
"0.830555555555555",2
"0.831944444444444",1
"0.832638888888889",2
"0.834027777777778",1
"0.834722222222222",1
"0.836111111111111",2
"0.836805555555555",1
"0.838888888888889",3
"0.841666666666667",1
"0.844444444444444",1
"0.845138888888889",1
"0.845833333333333",1
"0.847916666666667",4
"0.848611111111111",3
"0.849305555555556",1
"0.850694444444444",1
"0.851388888888889",1
"0.852083333333333",1
"0.852777777777778",1
"0.853472222222222",5
"0.854166666666667",2
"0.855555555555556",1
"0.85625",1
"0.856944444444444",3
"0.857638888888889",3
"0.858333333333333",1
"0.859027777777778",1
"0.859722222222222",1
"0.861111111111111",3
"0.8625",2
"0.863194444444444",3
"0.863888888888889",4
"0.866666666666667",2
"0.867361111111111",3
"0.86875",1
"0.869444444444444",1
"0.870833333333333",1
"0.871527777777778",1
"0.872222222222222",1
"0.873611111111111",1
"0.874305555555556",3
"0.875",1
"0.877083333333333",1
"0.877777777777778",1
"0.879166666666667",1
"0.879861111111111",1
"0.880555555555556",1
"0.88125",1
"0.881944444444444",2
"0.883333333333333",2
"0.884027777777778",2
"0.885416666666667",2
"0.886111111111111",1
"0.886805555555556",1
"0.889583333333333",1
"0.890972222222222",3
"0.892361111111111",3
"0.893055555555555",3
"0.89375",2
"0.894444444444444",2
"0.895833333333333",1
"0.896527777777778",1
"0.897222222222222",3
"0.897916666666667",2
"0.898611111111111",1
"0.899305555555555",1
"0.9",1
"0.900694444444444",1
"0.902083333333333",1
"0.904861111111111",2
"0.909027777777778",1
"0.910416666666667",4
"0.911111111111111",1
"0.911805555555556",1
"0.9125",1
"0.913888888888889",1
"0.914583333333333",1
"0.915277777777778",4
"0.915972222222222",1
"0.916666666666667",2
"0.917361111111111",1
"0.918055555555556",2
"0.91875",2
"0.919444444444444",1
"0.920138888888889",1
"0.920833333333333",2
"0.921527777777778",4
"0.922916666666667",4
"0.923611111111111",4
"0.924305555555555",1
"0.925",1
"0.926388888888889",2
"0.928472222222222",1
"0.930555555555555",1
"0.93125",3
"0.931944444444444",2
"0.933333333333333",1
"0.934722222222222",1
"0.936111111111111",2
"0.938194444444444",1
"0.939583333333333",1
"0.940277777777778",2
"0.940972222222222",2
"0.941666666666667",1
"0.942361111111111",1
"0.943055555555556",3
"0.945138888888889",3
"0.945833333333333",3
"0.948611111111111",2
"0.949305555555556",2
"0.951388888888889",2
"0.952777777777778",1
"0.953472222222222",1
"0.954166666666667",1
"0.954861111111111",1
"0.955555555555555",1
"0.956944444444444",1
"0.957638888888889",2
"0.958333333333333",1
"0.959027777777778",1
"0.960416666666667",4
"0.961111111111111",1
"0.9625",1
"0.963888888888889",2
"0.965972222222222",1
"0.968055555555556",1
"0.96875",1
"0.971527777777778",1
"0.975694444444444",2
"0.977777777777778",1
"0.978472222222222",1
"0.979166666666667",2
"0.979861111111111",1
"0.98125",1
"0.981944444444444",1
"0.982638888888889",1
"0.983333333333333",2
"0.984027777777778",1
"0.986805555555555",1
"0.9875",1
"0.989583333333333",1
"0.992361111111111",3
"0.993055555555555",1
"0.995138888888889",1
"0.996527777777778",1
"0.997916666666667",3
"1",1
"1.00277777777778",1
"1.00625",2
"1.00694444444444",1
"1.00833333333333",2
"1.00902777777778",2
"1.01111111111111",1
"1.01180555555556",1
"1.0125",1
"1.01319444444444",1
"1.01388888888889",1
"1.01666666666667",1
"1.01805555555556",1
"1.02083333333333",1
"1.02222222222222",1
"1.02430555555556",1
"1.025",1
"1.02638888888889",1
"1.02777777777778",2
"1.02847222222222",1
"1.02986111111111",2
"1.03263888888889",2
"1.03611111111111",2
"1.03819444444444",1
"1.03958333333333",1
"1.04236111111111",2
"1.04305555555556",2
"1.04444444444444",3
"1.04513888888889",1
"1.04583333333333",1
"1.04652777777778",2
"1.04930555555556",2
"1.05",1
"1.05069444444444",1
"1.05208333333333",1
"1.05347222222222",1
"1.05486111111111",2
"1.05555555555556",2
"1.05763888888889",2
"1.05972222222222",1
"1.06041666666667",3
"1.06111111111111",1
"1.06319444444444",2
"1.06388888888889",1
"1.06597222222222",1
"1.06944444444444",1
"1.07291666666667",2
"1.07361111111111",1
"1.07430555555556",2
"1.07847222222222",1
"1.07916666666667",1
"1.08125",1
"1.08333333333333",1
"1.09027777777778",1
"1.09166666666667",1
"1.09375",1
"1.09722222222222",1
"1.09861111111111",1
"1.09930555555556",1
"1.10416666666667",1
"1.10902777777778",1
"1.11180555555556",1
"1.1125",1
"1.11458333333333",1
"1.12291666666667",2
"1.12708333333333",1
"1.12986111111111",1
"1.13125",1
"1.13194444444444",1
"1.13611111111111",1
"1.14097222222222",1
"1.14236111111111",1
"1.14305555555556",1
"1.14513888888889",1
"1.14583333333333",2
"1.14722222222222",1
"1.14930555555556",1
"1.15069444444444",1
"1.15138888888889",1
"1.15208333333333",1
"1.15694444444444",1
"1.15972222222222",3
"1.17569444444444",2
"1.17847222222222",2
"1.17986111111111",1
"1.18611111111111",1
"1.19027777777778",2
"1.19097222222222",1
"1.19583333333333",1
"1.19791666666667",1
"1.19861111111111",1
"1.2",1
"1.20694444444444",1
"1.2125",1
"1.21458333333333",2
"1.21875",1
"1.22013888888889",1
"1.22291666666667",1
"1.22777777777778",1
"1.22986111111111",1
"1.23333333333333",1
"1.23680555555556",1
"1.24236111111111",1
"1.24375",1
"1.25069444444444",1
"1.25486111111111",1
"1.26944444444444",1
"1.27847222222222",1
"1.28888888888889",1
"1.29097222222222",1
"1.29444444444444",1
"1.29513888888889",2
"1.30208333333333",1
"1.31180555555556",1
"1.31944444444444",1
"1.32291666666667",1
"1.32708333333333",1
"1.34375",1
"1.34791666666667",1
"1.35555555555556",1
"1.36180555555556",1
"1.36388888888889",1
"1.38055555555556",1
"1.3875",1
"1.39027777777778",1
"1.39166666666667",1
"1.4",1
"1.40763888888889",1
"1.40902777777778",1
"1.40972222222222",1
"1.41111111111111",1
"1.41180555555556",1
"1.4125",1
"1.41666666666667",1
"1.41944444444444",1
"1.42708333333333",1
"1.43402777777778",1
"1.43472222222222",1
"1.43541666666667",2
"1.43819444444444",1
"1.44930555555556",2
"1.45",1
"1.46319444444444",1
"1.46805555555556",1
"1.47013888888889",1
"1.47152777777778",1
"1.47430555555556",2
"1.475",1
"1.47777777777778",1
"1.48611111111111",1
"1.48680555555556",1
"1.49027777777778",1
"1.49166666666667",1
"1.49236111111111",1
"1.49305555555556",1
"1.49583333333333",1
"1.49722222222222",1
"1.50069444444444",1
"1.50138888888889",1
"1.50277777777778",1
"1.50416666666667",1
"1.5125",1
"1.51805555555556",1
"1.52152777777778",1
"1.52361111111111",1
"1.52430555555556",1
"1.525",1
"1.52916666666667",2
"1.53194444444444",1
"1.53472222222222",1
"1.53541666666667",1
"1.53611111111111",1
"1.53819444444444",2
"1.54236111111111",1
"1.54375",1
"1.54513888888889",2
"1.54722222222222",2
"1.54861111111111",1
"1.54930555555556",1
"1.55069444444444",2
"1.55208333333333",1
"1.55277777777778",2
"1.55416666666667",1
"1.55555555555556",1
"1.55694444444444",2
"1.56041666666667",1
"1.5625",3
"1.56597222222222",4
"1.56944444444444",1
"1.57013888888889",1
"1.57083333333333",1
"1.57222222222222",1
"1.57291666666667",1
"1.57361111111111",1
"1.57430555555556",1
"1.575",1
"1.57847222222222",2
"1.58194444444444",2
"1.58263888888889",2
"1.58611111111111",1
"1.59027777777778",1
"1.59166666666667",1
"1.59305555555556",1
"1.59513888888889",1
"1.59583333333333",2
"1.59722222222222",1
"1.60069444444444",1
"1.60277777777778",1
"1.60833333333333",2
"1.60972222222222",1
"1.61041666666667",2
"1.61111111111111",2
"1.61388888888889",1
"1.61736111111111",1
"1.61875",1
"1.61944444444444",1
"1.62083333333333",1
"1.62222222222222",2
"1.62361111111111",1
"1.62847222222222",1
"1.63055555555556",1
"1.63194444444444",1
"1.63333333333333",1
"1.63541666666667",1
"1.63680555555556",2
"1.63888888888889",1
"1.64027777777778",2
"1.64166666666667",1
"1.64236111111111",2
"1.64305555555556",3
"1.64375",1
"1.64444444444444",2
"1.64513888888889",2
"1.64583333333333",1
"1.65",2
"1.65138888888889",1
"1.65208333333333",1
"1.65347222222222",1
"1.65625",2
"1.65763888888889",1
"1.66111111111111",1
"1.66319444444444",2
"1.66388888888889",1
"1.66527777777778",1
"1.66597222222222",1
"1.66736111111111",1
"1.66875",1
"1.66944444444444",1
"1.67013888888889",1
"1.67083333333333",1
"1.67152777777778",1
"1.67222222222222",2
"1.67291666666667",1
"1.67430555555556",4
"1.675",1
"1.67569444444444",1
"1.67638888888889",1
"1.67847222222222",1
"1.67986111111111",1
"1.68055555555556",1
"1.68125",1
"1.68194444444444",1
"1.68333333333333",2
"1.68541666666667",1
"1.68611111111111",1
"1.68680555555556",2
"1.68819444444444",1
"1.68958333333333",2
"1.69097222222222",2
"1.69166666666667",3
"1.69236111111111",1
"1.69305555555556",1
"1.69375",3
"1.69444444444444",2
"1.69513888888889",1
"1.69652777777778",1
"1.69722222222222",1
"1.69791666666667",2
"1.69861111111111",4
"1.7",1
"1.70069444444444",2
"1.70277777777778",1
"1.70347222222222",1
"1.70416666666667",2
"1.70555555555556",2
"1.70625",2
"1.70694444444444",1
"1.70763888888889",2
"1.70972222222222",1
"1.7125",1
"1.71388888888889",2
"1.71458333333333",1
"1.71597222222222",1
"1.71666666666667",2
"1.71736111111111",1
"1.71805555555556",2
"1.71875",1
"1.71944444444444",1
"1.72013888888889",2
"1.72152777777778",1
"1.72222222222222",1
"1.72430555555556",1
"1.72569444444444",1
"1.72638888888889",1
"1.72708333333333",3
"1.72847222222222",2
"1.72916666666667",2
"1.73055555555556",3
"1.73125",3
"1.73194444444444",1
"1.73263888888889",2
"1.73333333333333",2
"1.73472222222222",1
"1.73541666666667",5
"1.73611111111111",1
"1.73680555555556",1
"1.7375",2
"1.73819444444444",4
"1.73958333333333",3
"1.74097222222222",4
"1.74166666666667",3
"1.74236111111111",1
"1.74305555555556",1
"1.74375",1
"1.74444444444444",4
"1.74513888888889",2
"1.74583333333333",2
"1.74652777777778",2
"1.74722222222222",6
"1.74791666666667",2
"1.74861111111111",1
"1.74930555555556",3
"1.75",1
"1.75138888888889",2
"1.75208333333333",2
"1.75277777777778",1
"1.75347222222222",3
"1.75416666666667",1
"1.75486111111111",2
"1.75625",2
"1.75694444444444",1
"1.75833333333333",3
"1.76041666666667",2
"1.76180555555556",3
"1.76319444444444",3
"1.76388888888889",1
"1.76458333333333",4
"1.76527777777778",2
"1.76597222222222",2
"1.76666666666667",1
"1.76805555555556",2
"1.76875",3
"1.77013888888889",3
"1.77083333333333",2
"1.77152777777778",2
"1.77222222222222",4
"1.77291666666667",1
"1.77430555555556",1
"1.77569444444444",2
"1.77638888888889",4
"1.77708333333333",4
"1.77777777777778",2
"1.77847222222222",2
"1.77916666666667",1
"1.78055555555556",1
"1.78125",2
"1.78194444444444",2
"1.78263888888889",3
"1.78402777777778",1
"1.78541666666667",2
"1.78680555555556",3
"1.7875",2
"1.78819444444444",1
"1.78888888888889",3
"1.78958333333333",1
"1.79027777777778",1
"1.79097222222222",2
"1.79166666666667",6
"1.79236111111111",2
"1.79305555555556",1
"1.79375",3
"1.79444444444444",2
"1.79513888888889",1
"1.79583333333333",1
"1.79652777777778",4
"1.79722222222222",5
"1.79791666666667",2
"1.79861111111111",4
"1.8",1
"1.80069444444444",3
"1.80138888888889",1
"1.80208333333333",1
"1.80277777777778",2
"1.80347222222222",3
"1.80416666666667",1
"1.80486111111111",1
"1.80625",2
"1.80694444444444",5
"1.80763888888889",6
"1.80833333333333",2
"1.80902777777778",4
"1.80972222222222",1
"1.81041666666667",2
"1.81111111111111",2
"1.81180555555556",3
"1.8125",1
"1.81319444444444",3
"1.81388888888889",2
"1.81458333333333",1
"1.81527777777778",2
"1.81666666666667",2
"1.81736111111111",4
"1.81805555555556",3
"1.81875",1
"1.81944444444444",2
"1.82013888888889",1
"1.82083333333333",2
"1.82152777777778",2
"1.82222222222222",5
"1.82291666666667",2
"1.82430555555556",4
"1.825",4
"1.82569444444444",2
"1.82638888888889",1
"1.82708333333333",2
"1.82777777777778",2
"1.82847222222222",2
"1.82916666666667",2
"1.82986111111111",2
"1.83125",4
"1.83194444444444",1
"1.83263888888889",1
"1.83333333333333",3
"1.83402777777778",2
"1.83472222222222",2
"1.83541666666667",5
"1.83611111111111",3
"1.83680555555556",1
"1.8375",1
"1.83819444444444",4
"1.83888888888889",1
"1.83958333333333",2
"1.84027777777778",2
"1.84097222222222",4
"1.84166666666667",2
"1.84236111111111",4
"1.84305555555556",4
"1.84444444444444",3
"1.84583333333333",1
"1.84652777777778",2
"1.84722222222222",4
"1.84861111111111",2
"1.85",1
"1.85069444444444",2
"1.85138888888889",2
"1.85277777777778",4
"1.85347222222222",2
"1.85416666666667",1
"1.85486111111111",2
"1.85555555555556",4
"1.85694444444444",3
"1.85763888888889",3
"1.85833333333333",2
"1.85972222222222",4
"1.86041666666667",2
"1.86111111111111",2
"1.86180555555556",1
"1.8625",3
"1.86319444444444",1
"1.86388888888889",1
"1.86458333333333",2
"1.86527777777778",4
"1.86666666666667",1
"1.86805555555556",2
"1.86875",3
"1.86944444444444",1
"1.87013888888889",4
"1.87083333333333",3
"1.87222222222222",1
"1.87291666666667",3
"1.87430555555556",2
"1.875",3
"1.87569444444444",2
"1.87638888888889",2
"1.87708333333333",1
"1.87777777777778",2
"1.87916666666667",3
"1.87986111111111",4
"1.88055555555556",1
"1.88125",5
"1.88194444444444",2
"1.88263888888889",1
"1.88333333333333",2
"1.88402777777778",2
"1.88472222222222",1
"1.88541666666667",1
"1.88611111111111",3
"1.88680555555556",2
"1.8875",1
"1.88819444444444",1
"1.88888888888889",3
"1.88958333333333",2
"1.89027777777778",4
"1.89166666666667",5
"1.89236111111111",2
"1.89305555555556",2
"1.89375",1
"1.89444444444444",4
"1.89513888888889",1
"1.89583333333333",2
"1.89652777777778",5
"1.89791666666667",2
"1.89861111111111",3
"1.89930555555556",3
"1.9",4
"1.90069444444444",2
"1.90138888888889",2
"1.90208333333333",1
"1.90277777777778",3
"1.90347222222222",2
"1.90416666666667",1
"1.90486111111111",2
"1.90625",2
"1.90694444444444",1
"1.90763888888889",3
"1.90833333333333",3
"1.90902777777778",2
"1.90972222222222",3
"1.91041666666667",1
"1.91180555555556",1
"1.91319444444444",2
"1.91388888888889",2
"1.91458333333333",4
"1.91527777777778",2
"1.91666666666667",3
"1.91736111111111",1
"1.91805555555556",2
"1.91875",1
"1.91944444444444",3
"1.92013888888889",2
"1.92083333333333",2
"1.92152777777778",2
"1.92222222222222",1
"1.92361111111111",5
"1.92430555555556",3
"1.925",3
"1.92569444444444",2
"1.92638888888889",1
"1.92708333333333",1
"1.92777777777778",2
"1.92847222222222",1
"1.92916666666667",5
"1.93055555555556",3
"1.93125",2
"1.93194444444444",1
"1.93263888888889",2
"1.93333333333333",1
"1.93472222222222",1
"1.93541666666667",2
"1.93611111111111",5
"1.9375",5
"1.93819444444444",1
"1.93888888888889",5
"1.94027777777778",3
"1.94166666666667",1
"1.94236111111111",4
"1.94305555555556",2
"1.94375",5
"1.94444444444444",1
"1.94513888888889",2
"1.94583333333333",2
"1.94722222222222",2
"1.94791666666667",2
"1.94861111111111",1
"1.94930555555556",2
"1.95",2
"1.95069444444444",3
"1.95138888888889",3
"1.95208333333333",1
"1.95277777777778",2
"1.95416666666667",3
"1.95486111111111",2
"1.95555555555556",2
"1.95625",1
"1.95694444444444",3
"1.95763888888889",2
"1.95833333333333",1
"1.95902777777778",4
"1.95972222222222",2
"1.96041666666667",3
"1.96180555555556",4
"1.9625",2
"1.96319444444444",3
"1.96527777777778",2
"1.96597222222222",4
"1.96736111111111",1
"1.96875",3
"1.96944444444444",1
"1.97013888888889",2
"1.97291666666667",2
"1.97361111111111",2
"1.975",1
"1.97569444444444",1
"1.97638888888889",2
"1.97777777777778",3
"1.97916666666667",2
"1.97986111111111",3
"1.98055555555556",2
"1.98125",2
"1.98263888888889",3
"1.98333333333333",3
"1.98472222222222",2
"1.98541666666667",1
"1.98680555555556",2
"1.9875",2
"1.98819444444444",1
"1.98958333333333",1
"1.99097222222222",2
"1.99305555555556",2
"1.99375",1
"1.99444444444444",2
"1.99513888888889",2
"1.99583333333333",2
"1.99652777777778",1
"1.99930555555556",1
"2.00069444444444",2
"2.00208333333333",1
"2.00277777777778",2
"2.00347222222222",2
"2.00416666666667",1
"2.00486111111111",1
"2.01041666666667",1
"2.01111111111111",2
"2.01180555555556",1
"2.0125",1
"2.01319444444444",2
"2.01527777777778",1
"2.01597222222222",1
"2.01666666666667",3
"2.01875",1
"2.01944444444444",3
"2.02152777777778",5
"2.02291666666667",2
"2.02430555555556",1
"2.025",2
"2.02569444444444",1
"2.02638888888889",2
"2.02708333333333",1
"2.02847222222222",2
"2.02916666666667",1
"2.02986111111111",1
"2.03125",1
"2.03194444444444",1
"2.03263888888889",1
"2.03402777777778",1
"2.03541666666667",3
"2.03611111111111",2
"2.03958333333333",1
"2.04027777777778",1
"2.04097222222222",2
"2.04236111111111",1
"2.04305555555556",1
"2.04375",1
"2.04513888888889",1
"2.04791666666667",2
"2.04861111111111",1
"2.05",1
"2.05069444444444",1
"2.05138888888889",2
"2.05208333333333",1
"2.05277777777778",1
"2.05486111111111",1
"2.05555555555556",2
"2.05694444444444",1
"2.05902777777778",1
"2.05972222222222",1
"2.06111111111111",1
"2.06388888888889",1
"2.06666666666667",2
"2.06736111111111",2
"2.07291666666667",1
"2.075",2
"2.07916666666667",2
"2.07986111111111",1
"2.08611111111111",4
"2.08680555555556",1
"2.08819444444444",1
"2.09027777777778",1
"2.09097222222222",1
"2.09236111111111",3
"2.09305555555556",1
"2.09583333333333",1
"2.10416666666667",1
"2.10694444444444",1
"2.10833333333333",2
"2.11041666666667",1
"2.11111111111111",1
"2.1125",1
"2.11319444444444",1
"2.11388888888889",1
"2.11527777777778",1
"2.11666666666667",1
"2.11875",1
"2.12152777777778",1
"2.12291666666667",1
"2.125",1
"2.12986111111111",1
"2.13055555555556",1
"2.13125",1
"2.13194444444444",1
"2.14166666666667",1
"2.15069444444444",1
"2.15277777777778",1
"2.15555555555556",1
"2.15694444444444",1
"2.1625",1
"2.16319444444444",2
"2.16597222222222",1
"2.16805555555556",2
"2.16944444444444",1
"2.17222222222222",1
"2.175",1
"2.17569444444444",1
"2.18055555555556",1
"2.18194444444444",1
"2.18263888888889",1
"2.18958333333333",1
"2.20069444444444",1
"2.20208333333333",1
"2.20486111111111",1
"2.20972222222222",1
"2.21180555555556",1
"2.2125",1
"2.21388888888889",1
"2.21527777777778",1
"2.22152777777778",1
"2.225",2
"2.22569444444444",2
"2.22638888888889",1
"2.22916666666667",2
"2.23125",1
"2.23611111111111",1
"2.23680555555556",1
"2.24236111111111",1
"2.24444444444444",2
"2.25277777777778",1
"2.25347222222222",1
"2.25972222222222",1
"2.26180555555556",1
"2.26319444444444",1
"2.26388888888889",1
"2.26805555555556",1
"2.27083333333333",1
"2.27777777777778",1
"2.27986111111111",1
"2.28263888888889",1
"2.28680555555556",1
"2.28819444444444",1
"2.29166666666667",1
"2.29930555555556",1
"2.30694444444444",1
"2.31041666666667",1
"2.31805555555556",1
"2.32013888888889",1
"2.32222222222222",1
"2.325",1
"2.32847222222222",1
"2.33263888888889",1
"2.33888888888889",1
"2.34236111111111",1
"2.34513888888889",1
"2.34652777777778",1
"2.34791666666667",1
"2.34930555555556",1
"2.35208333333333",1
"2.35416666666667",1
"2.35833333333333",1
"2.36666666666667",1
"2.37361111111111",1
"2.38680555555556",1
"2.38819444444444",1
"2.40138888888889",1
"2.40277777777778",1
"2.40347222222222",1
"2.40486111111111",1
"2.40763888888889",1
"2.4125",1
"2.41458333333333",1
"2.41875",1
"2.42152777777778",1
"2.42430555555556",1
"2.425",1
"2.42569444444444",1
"2.43125",1
"2.43194444444444",1
"2.43402777777778",1
"2.43680555555556",1
"2.44236111111111",1
"2.44722222222222",1
"2.44861111111111",1
"2.45069444444444",2
"2.45486111111111",1
"2.46527777777778",1
"2.475",1
"2.47847222222222",1
"2.47986111111111",1
"2.48194444444444",1
"2.48402777777778",1
"2.48819444444444",1
"2.48888888888889",2
"2.49097222222222",2
"2.49305555555556",1
"2.49444444444444",1
"2.49652777777778",1
"2.49791666666667",3
"2.50694444444444",1
"2.50763888888889",2
"2.50833333333333",1
"2.50902777777778",1
"2.51527777777778",2
"2.51736111111111",2
"2.51875",1
"2.51944444444444",1
"2.52222222222222",1
"2.52291666666667",2
"2.52430555555556",1
"2.525",1
"2.52847222222222",2
"2.53125",2
"2.53263888888889",1
"2.53472222222222",1
"2.53541666666667",1
"2.53611111111111",2
"2.53680555555556",1
"2.53819444444444",2
"2.54236111111111",1
"2.54305555555556",1
"2.54652777777778",1
"2.54930555555556",1
"2.55138888888889",2
"2.55208333333333",2
"2.55277777777778",1
"2.55486111111111",2
"2.55625",1
"2.55902777777778",1
"2.55972222222222",1
"2.56041666666667",2
"2.5625",1
"2.56458333333333",1
"2.56736111111111",3
"2.56805555555556",1
"2.56944444444444",1
"2.57152777777778",1
"2.57222222222222",1
"2.57291666666667",2
"2.57361111111111",1
"2.57638888888889",1
"2.57708333333333",1
"2.57847222222222",1
"2.57916666666667",1
"2.58333333333333",1
"2.58402777777778",2
"2.5875",1
"2.58958333333333",1
"2.59097222222222",1
"2.59236111111111",1
"2.59375",1
"2.59444444444444",1
"2.59513888888889",3
"2.59583333333333",1
"2.59652777777778",1
"2.59791666666667",1
"2.59861111111111",2
"2.60069444444444",2
"2.60138888888889",1
"2.60277777777778",1
"2.60416666666667",3
"2.60555555555556",3
"2.60763888888889",1
"2.60833333333333",1
"2.60902777777778",1
"2.61041666666667",1
"2.61180555555556",4
"2.6125",1
"2.61319444444444",1
"2.61597222222222",1
"2.61666666666667",1
"2.61736111111111",2
"2.61875",1
"2.62013888888889",2
"2.62083333333333",2
"2.62152777777778",1
"2.62222222222222",1
"2.62291666666667",2
"2.62430555555556",1
"2.62638888888889",1
"2.62777777777778",2
"2.62847222222222",2
"2.62916666666667",2
"2.63055555555556",1
"2.63263888888889",1
"2.63472222222222",1
"2.63611111111111",3
"2.63680555555556",1
"2.6375",1
"2.63888888888889",2
"2.63958333333333",3
"2.64027777777778",1
"2.64166666666667",2
"2.64375",3
"2.64444444444444",1
"2.64513888888889",1
"2.64583333333333",2
"2.64652777777778",1
"2.64722222222222",1
"2.64930555555556",1
"2.65069444444444",3
"2.65138888888889",1
"2.65347222222222",2
"2.65416666666667",1
"2.65486111111111",1
"2.65902777777778",1
"2.66041666666667",1
"2.66180555555556",1
"2.66319444444444",1
"2.66388888888889",1
"2.66527777777778",5
"2.66666666666667",2
"2.66736111111111",2
"2.66805555555556",1
"2.66875",1
"2.66944444444444",2
"2.67152777777778",2
"2.67222222222222",1
"2.67291666666667",4
"2.67361111111111",2
"2.675",4
"2.67638888888889",2
"2.67847222222222",2
"2.67916666666667",1
"2.67986111111111",2
"2.68055555555556",1
"2.68194444444444",1
"2.68333333333333",1
"2.68402777777778",1
"2.68472222222222",1
"2.68541666666667",1
"2.68611111111111",3
"2.68680555555556",3
"2.6875",1
"2.68819444444444",1
"2.68888888888889",1
"2.68958333333333",2
"2.69027777777778",1
"2.69097222222222",1
"2.69166666666667",1
"2.69236111111111",5
"2.69305555555556",2
"2.69375",1
"2.69444444444444",1
"2.69513888888889",1
"2.69583333333333",3
"2.69652777777778",1
"2.69722222222222",2
"2.69791666666667",1
"2.69930555555556",3
"2.7",1
"2.70069444444444",1
"2.70208333333333",2
"2.70277777777778",3
"2.70347222222222",2
"2.70416666666667",1
"2.70555555555556",4
"2.70694444444444",1
"2.70833333333333",5
"2.70902777777778",2
"2.70972222222222",2
"2.71041666666667",1
"2.71111111111111",2
"2.71180555555556",3
"2.7125",3
"2.71319444444444",5
"2.71388888888889",1
"2.71527777777778",3
"2.71666666666667",1
"2.71736111111111",2
"2.71805555555556",2
"2.71875",3
"2.71944444444444",2
"2.72013888888889",2
"2.72083333333333",1
"2.72222222222222",2
"2.72291666666667",1
"2.72361111111111",1
"2.72430555555556",3
"2.725",1
"2.72569444444444",1
"2.72638888888889",3
"2.72708333333333",3
"2.72777777777778",1
"2.72916666666667",2
"2.72986111111111",2
"2.73055555555556",1
"2.73125",3
"2.73263888888889",4
"2.73333333333333",1
"2.73402777777778",2
"2.73541666666667",2
"2.73611111111111",3
"2.73680555555556",1
"2.7375",1
"2.73819444444444",1
"2.73888888888889",2
"2.74097222222222",2
"2.74166666666667",5
"2.74236111111111",5
"2.74305555555556",3
"2.74375",2
"2.74444444444444",4
"2.74583333333333",2
"2.74652777777778",2
"2.74791666666667",2
"2.74861111111111",1
"2.74930555555556",1
"2.75",1
"2.75069444444444",2
"2.75138888888889",3
"2.75208333333333",3
"2.75277777777778",1
"2.75347222222222",1
"2.75416666666667",3
"2.75486111111111",2
"2.75555555555556",3
"2.75625",3
"2.75694444444444",3
"2.75763888888889",4
"2.75833333333333",2
"2.75902777777778",1
"2.76041666666667",1
"2.76180555555556",1
"2.7625",3
"2.76388888888889",2
"2.76458333333333",1
"2.76527777777778",6
"2.76597222222222",5
"2.76666666666667",2
"2.76736111111111",5
"2.76805555555556",5
"2.76875",2
"2.76944444444444",7
"2.77013888888889",2
"2.77083333333333",1
"2.77152777777778",3
"2.77222222222222",3
"2.77291666666667",4
"2.77361111111111",2
"2.77430555555556",2
"2.775",1
"2.77569444444444",2
"2.77638888888889",3
"2.77708333333333",4
"2.77777777777778",1
"2.77847222222222",2
"2.77916666666667",3
"2.77986111111111",2
"2.78055555555556",5
"2.78125",2
"2.78194444444444",2
"2.78333333333333",3
"2.78402777777778",8
"2.78541666666667",1
"2.78611111111111",3
"2.78680555555556",2
"2.78819444444444",3
"2.78888888888889",5
"2.78958333333333",2
"2.79027777777778",3
"2.79097222222222",3
"2.79166666666667",4
"2.79236111111111",3
"2.79305555555556",1
"2.79375",2
"2.79444444444444",2
"2.79513888888889",2
"2.79583333333333",4
"2.79652777777778",2
"2.79722222222222",2
"2.79791666666667",2
"2.79861111111111",3
"2.79930555555556",1
"2.8",1
"2.80069444444444",1
"2.80138888888889",2
"2.80208333333333",1
"2.80277777777778",3
"2.80347222222222",5
"2.80416666666667",2
"2.80486111111111",1
"2.80555555555556",1
"2.80625",2
"2.80763888888889",3
"2.80833333333333",4
"2.80902777777778",2
"2.80972222222222",4
"2.81041666666667",3
"2.81111111111111",3
"2.81180555555556",2
"2.8125",2
"2.81388888888889",3
"2.81458333333333",4
"2.81527777777778",2
"2.81597222222222",5
"2.81666666666667",3
"2.81736111111111",2
"2.81805555555556",1
"2.81875",2
"2.81944444444444",2
"2.82013888888889",1
"2.82152777777778",1
"2.82291666666667",2
"2.82361111111111",3
"2.82430555555556",5
"2.825",3
"2.82569444444444",4
"2.82708333333333",2
"2.82777777777778",3
"2.82847222222222",2
"2.82916666666667",2
"2.82986111111111",4
"2.83055555555556",2
"2.83125",3
"2.83194444444444",4
"2.83263888888889",2
"2.83333333333333",5
"2.83402777777778",2
"2.83472222222222",3
"2.83541666666667",1
"2.83611111111111",3
"2.83680555555556",1
"2.8375",3
"2.83819444444444",2
"2.83888888888889",2
"2.83958333333333",2
"2.84097222222222",3
"2.84166666666667",1
"2.84236111111111",2
"2.84305555555556",1
"2.84375",1
"2.84444444444444",4
"2.84513888888889",2
"2.84583333333333",1
"2.84722222222222",2
"2.84791666666667",1
"2.84861111111111",3
"2.84930555555556",2
"2.85",2
"2.85069444444444",3
"2.85138888888889",1
"2.85208333333333",3
"2.85277777777778",3
"2.85347222222222",1
"2.85416666666667",1
"2.85486111111111",2
"2.85555555555556",2
"2.85625",2
"2.85694444444444",2
"2.85763888888889",1
"2.85833333333333",2
"2.85902777777778",1
"2.85972222222222",2
"2.86041666666667",2
"2.86111111111111",3
"2.86180555555556",2
"2.8625",2
"2.86319444444444",1
"2.86388888888889",4
"2.86458333333333",1
"2.86527777777778",1
"2.86597222222222",1
"2.86875",1
"2.86944444444444",2
"2.87013888888889",2
"2.87083333333333",3
"2.87152777777778",1
"2.87222222222222",1
"2.87291666666667",3
"2.87361111111111",2
"2.87430555555556",3
"2.875",1
"2.87569444444444",1
"2.87638888888889",2
"2.87708333333333",2
"2.87777777777778",1
"2.87847222222222",2
"2.87916666666667",3
"2.88055555555556",1
"2.88194444444444",6
"2.88263888888889",1
"2.88333333333333",1
"2.88402777777778",1
"2.88472222222222",2
"2.88541666666667",1
"2.88611111111111",1
"2.88680555555556",4
"2.88819444444444",1
"2.88958333333333",1
"2.89027777777778",1
"2.89097222222222",1
"2.89166666666667",1
"2.89236111111111",3
"2.89305555555556",1
"2.89375",1
"2.89444444444444",4
"2.89513888888889",2
"2.89652777777778",4
"2.89722222222222",2
"2.89791666666667",1
"2.89930555555556",3
"2.9",1
"2.90069444444444",1
"2.90277777777778",2
"2.90347222222222",2
"2.90416666666667",3
"2.90486111111111",2
"2.90555555555556",1
"2.90625",1
"2.90694444444444",3
"2.90833333333333",2
"2.90902777777778",2
"2.90972222222222",1
"2.91041666666667",2
"2.9125",2
"2.91319444444444",1
"2.91388888888889",2
"2.91458333333333",1
"2.91527777777778",2
"2.91666666666667",2
"2.91736111111111",1
"2.91805555555556",6
"2.91944444444444",3
"2.92013888888889",1
"2.92083333333333",1
"2.92152777777778",2
"2.92361111111111",2
"2.92430555555556",1
"2.92569444444444",2
"2.92638888888889",2
"2.92777777777778",3
"2.92847222222222",2
"2.92916666666667",3
"2.92986111111111",1
"2.93055555555556",1
"2.93125",1
"2.93263888888889",1
"2.93333333333333",2
"2.93402777777778",2
"2.93472222222222",1
"2.93680555555556",1
"2.9375",2
"2.93819444444444",2
"2.93888888888889",1
"2.94027777777778",1
"2.94097222222222",1
"2.94236111111111",1
"2.94305555555556",1
"2.94375",1
"2.94444444444444",1
"2.94513888888889",2
"2.94583333333333",3
"2.94722222222222",1
"2.94791666666667",3
"2.94861111111111",1
"2.95069444444444",1
"2.95138888888889",3
"2.95208333333333",3
"2.95277777777778",1
"2.95347222222222",2
"2.95416666666667",2
"2.95486111111111",1
"2.95555555555556",1
"2.95625",1
"2.95694444444444",2
"2.95763888888889",1
"2.95833333333333",2
"2.96041666666667",1
"2.96111111111111",3
"2.9625",4
"2.96319444444444",1
"2.96527777777778",4
"2.96944444444444",1
"2.97013888888889",1
"2.97083333333333",3
"2.97291666666667",1
"2.97361111111111",1
"2.97430555555556",1
"2.975",2
"2.97569444444444",3
"2.97708333333333",1
"2.97847222222222",2
"2.97916666666667",1
"2.98055555555556",2
"2.98333333333333",1
"2.98402777777778",1
"2.98472222222222",1
"2.98541666666667",2
"2.98819444444444",1
"2.98888888888889",1
"2.98958333333333",1
"2.99027777777778",2
"2.99097222222222",2
"2.99166666666667",2
"2.99236111111111",1
"2.99444444444444",1
"2.99652777777778",1
"2.99722222222222",2
"2.99791666666667",2
"2.99861111111111",1
"2.99930555555556",3
"3.00138888888889",2
"3.00208333333333",1
"3.00347222222222",1
"3.00416666666667",2
"3.00625",1
"3.00694444444444",1
"3.00763888888889",1
"3.00833333333333",2
"3.00902777777778",1
"3.01180555555556",2
"3.0125",1
"3.01388888888889",2
"3.01527777777778",1
"3.01666666666667",2
"3.01805555555556",1
"3.01875",1
"3.02083333333333",1
"3.02222222222222",1
"3.02569444444444",1
"3.02638888888889",1
"3.02708333333333",1
"3.02777777777778",1
"3.02986111111111",1
"3.03055555555556",1
"3.03194444444444",1
"3.03263888888889",1
"3.03472222222222",1
"3.04166666666667",1
"3.04305555555556",1
"3.04375",2
"3.04444444444444",1
"3.04583333333333",1
"3.05",1
"3.05069444444444",1
"3.05138888888889",1
"3.05347222222222",1
"3.05416666666667",1
"3.06041666666667",1
"3.06180555555556",2
"3.0625",2
"3.07013888888889",1
"3.07430555555556",1
"3.07708333333333",2
"3.07986111111111",1
"3.08194444444444",2
"3.08263888888889",1
"3.08333333333333",2
"3.08402777777778",1
"3.08680555555556",1
"3.0875",1
"3.08958333333333",1
"3.09166666666667",1
"3.1",2
"3.10555555555556",1
"3.10625",1
"3.11041666666667",1
"3.11458333333333",1
"3.11527777777778",1
"3.11666666666667",1
"3.12708333333333",2
"3.13055555555556",1
"3.13263888888889",1
"3.13333333333333",1
"3.13402777777778",1
"3.13958333333333",1
"3.14097222222222",1
"3.14444444444444",1
"3.14513888888889",1
"3.14722222222222",1
"3.14861111111111",1
"3.14930555555556",1
"3.15",1
"3.15069444444444",1
"3.15138888888889",2
"3.15277777777778",1
"3.15347222222222",2
"3.15694444444444",1
"3.15763888888889",1
"3.16388888888889",1
"3.16458333333333",1
"3.175",2
"3.17569444444444",1
"3.17777777777778",1
"3.17847222222222",1
"3.17986111111111",1
"3.18611111111111",1
"3.19027777777778",1
"3.19513888888889",1
"3.2",1
"3.20625",1
"3.21180555555556",1
"3.21597222222222",1
"3.22083333333333",1
"3.22986111111111",1
"3.24444444444444",1
"3.25416666666667",1
"3.25486111111111",1
"3.26180555555556",1
"3.26666666666667",1
"3.28194444444444",1
"3.28611111111111",1
"3.29375",1
"3.29513888888889",1
"3.30625",1
"3.30694444444444",1
"3.30902777777778",1
"3.31319444444444",1
"3.31805555555556",2
"3.32569444444444",1
"3.32777777777778",1
"3.33541666666667",1
"3.33680555555556",1
"3.34166666666667",1
"3.34305555555556",1
"3.34375",1
"3.34722222222222",1
"3.36458333333333",1
"3.36597222222222",1
"3.38541666666667",1
"3.38611111111111",1
"3.39236111111111",1
"3.39375",1
"3.39513888888889",1
"3.40138888888889",1
"3.41319444444444",1
"3.41527777777778",1
"3.43541666666667",1
"3.43611111111111",1
"3.44305555555556",1
"3.44791666666667",1
"3.45277777777778",1
"3.45416666666667",1
"3.45763888888889",1
"3.45833333333333",1
"3.46180555555556",1
"3.46944444444444",1
"3.47291666666667",1
"3.47847222222222",1
"3.48263888888889",1
"3.48611111111111",1
"3.4875",1
"3.48958333333333",1
"3.49027777777778",1
"3.49236111111111",1
"3.50555555555556",1
"3.50625",1
"3.51180555555556",1
"3.5125",1
"3.51736111111111",1
"3.51875",1
"3.52013888888889",1
"3.52152777777778",1
"3.52569444444444",1
"3.52708333333333",2
"3.52777777777778",1
"3.52986111111111",2
"3.53055555555556",1
"3.53194444444444",1
"3.53333333333333",1
"3.53541666666667",1
"3.53680555555556",2
"3.53819444444444",1
"3.53888888888889",1
"3.54930555555556",1
"3.55416666666667",1
"3.55833333333333",1
"3.56319444444444",1
"3.56388888888889",3
"3.56666666666667",1
"3.56875",1
"3.56944444444444",1
"3.57222222222222",1
"3.57430555555556",1
"3.58055555555556",1
"3.58194444444444",1
"3.58541666666667",1
"3.59027777777778",2
"3.59166666666667",2
"3.59236111111111",1
"3.59513888888889",1
"3.59791666666667",1
"3.60208333333333",1
"3.60277777777778",1
"3.60416666666667",1
"3.60694444444444",2
"3.60763888888889",1
"3.60972222222222",1
"3.61111111111111",1
"3.61180555555556",1
"3.61527777777778",1
"3.61597222222222",1
"3.62569444444444",1
"3.62708333333333",1
"3.62777777777778",1
"3.63055555555556",2
"3.63125",1
"3.63333333333333",1
"3.63402777777778",1
"3.63472222222222",1
"3.63611111111111",1
"3.64027777777778",1
"3.64097222222222",1
"3.64166666666667",1
"3.64305555555556",1
"3.64375",1
"3.65069444444444",1
"3.65277777777778",1
"3.65555555555556",1
"3.65763888888889",1
"3.65833333333333",1
"3.65902777777778",1
"3.66041666666667",1
"3.66666666666667",2
"3.66875",1
"3.67013888888889",1
"3.67152777777778",1
"3.67291666666667",1
"3.67361111111111",1
"3.675",1
"3.67638888888889",1
"3.67847222222222",1
"3.67916666666667",1
"3.68263888888889",1
"3.68333333333333",1
"3.68611111111111",3
"3.68680555555556",1
"3.69305555555556",1
"3.69652777777778",3
"3.69722222222222",2
"3.69861111111111",1
"3.7",1
"3.70208333333333",1
"3.70416666666667",1
"3.70486111111111",2
"3.70694444444444",1
"3.70902777777778",1
"3.71041666666667",1
"3.7125",1
"3.71319444444444",1
"3.71458333333333",1
"3.71597222222222",1
"3.71875",1
"3.71944444444444",2
"3.72013888888889",1
"3.72222222222222",3
"3.72291666666667",1
"3.72361111111111",1
"3.72708333333333",1
"3.72986111111111",1
"3.73125",1
"3.73333333333333",2
"3.73402777777778",2
"3.73680555555556",1
"3.7375",1
"3.73819444444444",3
"3.73958333333333",2
"3.74027777777778",1
"3.74444444444444",1
"3.74652777777778",1
"3.74722222222222",1
"3.74791666666667",1
"3.74861111111111",1
"3.74930555555556",1
"3.75347222222222",1
"3.75486111111111",2
"3.75694444444444",2
"3.76111111111111",2
"3.76180555555556",1
"3.76388888888889",1
"3.76597222222222",2
"3.77152777777778",3
"3.77430555555556",2
"3.77569444444444",2
"3.77638888888889",1
"3.77708333333333",2
"3.77777777777778",1
"3.77847222222222",2
"3.77916666666667",1
"3.78055555555556",1
"3.78125",2
"3.78263888888889",2
"3.78333333333333",2
"3.78472222222222",1
"3.78541666666667",1
"3.78958333333333",3
"3.79027777777778",1
"3.79097222222222",2
"3.79166666666667",2
"3.79305555555556",3
"3.79375",1
"3.79513888888889",3
"3.79652777777778",1
"3.79722222222222",2
"3.79791666666667",1
"3.79861111111111",3
"3.8",1
"3.80347222222222",4
"3.80416666666667",1
"3.80555555555556",1
"3.80625",1
"3.80694444444444",1
"3.80763888888889",1
"3.80833333333333",2
"3.80902777777778",1
"3.81041666666667",1
"3.81111111111111",1
"3.81180555555556",2
"3.8125",3
"3.81388888888889",1
"3.81597222222222",1
"3.81805555555556",2
"3.82013888888889",1
"3.82083333333333",1
"3.82152777777778",1
"3.82222222222222",1
"3.82291666666667",3
"3.82361111111111",1
"3.825",1
"3.82569444444444",3
"3.82638888888889",1
"3.82847222222222",1
"3.82916666666667",1
"3.82986111111111",1
"3.83055555555556",1
"3.83125",1
"3.83194444444444",1
"3.83263888888889",2
"3.83402777777778",2
"3.83541666666667",1
"3.83888888888889",2
"3.83958333333333",1
"3.84027777777778",1
"3.84236111111111",1
"3.84583333333333",2
"3.84652777777778",3
"3.84722222222222",2
"3.84861111111111",1
"3.84930555555556",1
"3.85069444444444",1
"3.85277777777778",1
"3.85347222222222",1
"3.85416666666667",1
"3.85486111111111",4
"3.85555555555556",1
"3.85625",1
"3.85694444444444",2
"3.85763888888889",1
"3.85833333333333",2
"3.85902777777778",1
"3.86111111111111",2
"3.8625",1
"3.86388888888889",2
"3.86527777777778",1
"3.86597222222222",2
"3.86666666666667",2
"3.86736111111111",3
"3.86944444444444",1
"3.87013888888889",1
"3.87083333333333",1
"3.87222222222222",2
"3.87291666666667",1
"3.87361111111111",1
"3.87777777777778",2
"3.87847222222222",1
"3.87916666666667",1
"3.87986111111111",1
"3.88055555555556",1
"3.88125",2
"3.88333333333333",1
"3.88402777777778",2
"3.88472222222222",1
"3.88611111111111",1
"3.89097222222222",1
"3.89166666666667",1
"3.89236111111111",2
"3.89375",1
"3.89583333333333",2
"3.89652777777778",2
"3.89791666666667",1
"3.89861111111111",1
"3.90138888888889",1
"3.90208333333333",1
"3.90277777777778",1
"3.90347222222222",1
"3.90416666666667",1
"3.90625",1
"3.90833333333333",1
"3.90902777777778",2
"3.91041666666667",1
"3.9125",1
"3.91319444444444",1
"3.91458333333333",2
"3.91527777777778",2
"3.91736111111111",1
"3.91875",1
"3.92222222222222",1
"3.92291666666667",1
"3.92361111111111",1
"3.92430555555556",1
"3.925",1
"3.92638888888889",1
"3.92708333333333",2
"3.92916666666667",1
"3.92986111111111",1
"3.93055555555556",1
"3.93125",2
"3.93194444444444",1
"3.93888888888889",1
"3.93958333333333",2
"3.94027777777778",2
"3.94236111111111",1
"3.94305555555556",4
"3.94375",2
"3.94652777777778",1
"3.94791666666667",3
"3.94861111111111",1
"3.95",1
"3.95138888888889",1
"3.95208333333333",1
"3.95277777777778",1
"3.95625",2
"3.95902777777778",1
"3.95972222222222",2
"3.96527777777778",1
"3.96597222222222",1
"3.96666666666667",1
"3.96736111111111",1
"3.96944444444444",1
"3.97013888888889",1
"3.97152777777778",1
"3.97569444444444",2
"3.97708333333333",1
"3.97777777777778",3
"3.97916666666667",1
"3.98055555555556",1
"3.98472222222222",1
"3.98680555555556",1
"3.98819444444444",1
"3.98958333333333",1
"3.99097222222222",1
"3.99166666666667",2
"3.99305555555556",1
"3.99652777777778",1
"3.99930555555556",1
"4",1
"4.00069444444444",1
"4.00277777777778",1
"4.00555555555556",1
"4.00625",1
"4.00972222222222",1
"4.01041666666667",1
"4.01319444444444",1
"4.01388888888889",1
"4.01527777777778",1
"4.01944444444444",1
"4.02013888888889",3
"4.02083333333333",1
"4.02152777777778",1
"4.02222222222222",1
"4.02291666666667",1
"4.025",1
"4.02638888888889",1
"4.02847222222222",1
"4.03055555555556",1
"4.03194444444444",1
"4.03819444444444",1
"4.04236111111111",3
"4.04305555555556",1
"4.04791666666667",1
"4.04861111111111",2
"4.04930555555556",1
"4.05138888888889",2
"4.05416666666667",1
"4.05486111111111",1
"4.05763888888889",1
"4.05902777777778",1
"4.06319444444444",1
"4.06597222222222",2
"4.07430555555556",1
"4.075",1
"4.07638888888889",1
"4.08125",1
"4.0875",2
"4.09375",1
"4.09513888888889",1
"4.09652777777778",1
"4.09791666666667",1
"4.09861111111111",1
"4.10416666666667",1
"4.10625",1
"4.10694444444444",1
"4.10763888888889",1
"4.10833333333333",1
"4.11041666666667",2
"4.11111111111111",1
"4.11180555555556",1
"4.11666666666667",2
"4.11875",1
"4.12013888888889",1
"4.12361111111111",1
"4.12847222222222",1
"4.13194444444444",1
"4.14027777777778",1
"4.14236111111111",1
"4.14375",1
"4.14513888888889",1
"4.15069444444444",2
"4.16388888888889",1
"4.16458333333333",1
"4.17222222222222",2
"4.17777777777778",1
"4.18055555555556",1
"4.18333333333333",1
"4.18472222222222",1
"4.18680555555556",1
"4.19097222222222",1
"4.19444444444444",1
"4.2",1
"4.20902777777778",1
"4.21041666666667",1
"4.21805555555556",1
"4.22569444444444",1
"4.22847222222222",2
"4.22986111111111",1
"4.23055555555556",1
"4.24027777777778",2
"4.24583333333333",1
"4.24722222222222",1
"4.25763888888889",1
"4.26111111111111",1
"4.26736111111111",1
"4.27708333333333",1
"4.28194444444444",1
"4.28958333333333",1
"4.29236111111111",1
"4.29861111111111",1
"4.30277777777778",1
"4.31597222222222",1
"4.32569444444444",1
"4.33888888888889",1
"4.34722222222222",1
"4.34791666666667",1
"4.35208333333333",1
"4.36388888888889",1
"4.37708333333333",1
"4.37777777777778",1
"4.38055555555556",1
"4.38611111111111",1
"4.38958333333333",1
"4.39097222222222",1
"4.43402777777778",1
"4.44236111111111",1
"4.44652777777778",1
"4.45",1
"4.46180555555556",1
"4.46597222222222",1
"4.46666666666667",1
"4.46875",1
"4.47013888888889",1
"4.47430555555556",1
"4.475",1
"4.47708333333333",1
"4.47777777777778",1
"4.47847222222222",1
"4.48263888888889",1
"4.48541666666667",1
"4.49722222222222",1
"4.50208333333333",1
"4.50763888888889",1
"4.50833333333333",1
"4.5125",1
"4.51319444444444",1
"4.52083333333333",1
"4.53125",1
"4.53402777777778",2
"4.53472222222222",1
"4.53819444444444",1
"4.54652777777778",1
"4.55138888888889",1
"4.55972222222222",1
"4.5625",1
"4.56875",1
"4.57430555555556",1
"4.575",2
"4.58402777777778",1
"4.58472222222222",1
"4.58611111111111",1
"4.58680555555556",1
"4.58888888888889",1
"4.59027777777778",1
"4.59097222222222",1
"4.59513888888889",1
"4.59722222222222",1
"4.6",1
"4.60347222222222",1
"4.60416666666667",1
"4.60486111111111",1
"4.60972222222222",1
"4.61180555555556",1
"4.61319444444444",1
"4.61944444444444",1
"4.62291666666667",1
"4.62361111111111",1
"4.62847222222222",1
"4.63611111111111",1
"4.63958333333333",1
"4.64097222222222",1
"4.64444444444444",2
"4.64513888888889",1
"4.65",2
"4.65277777777778",1
"4.65347222222222",1
"4.65416666666667",1
"4.65486111111111",1
"4.65763888888889",2
"4.66319444444444",1
"4.66527777777778",2
"4.66597222222222",1
"4.67430555555556",1
"4.67638888888889",1
"4.67777777777778",1
"4.68611111111111",1
"4.68680555555556",1
"4.69097222222222",1
"4.69583333333333",1
"4.69722222222222",1
"4.70625",1
"4.70694444444444",1
"4.70972222222222",1
"4.71111111111111",1
"4.71319444444444",1
"4.71597222222222",1
"4.71875",1
"4.725",1
"4.72708333333333",3
"4.72916666666667",1
"4.73125",1
"4.73333333333333",1
"4.73402777777778",1
"4.73541666666667",3
"4.7375",1
"4.74166666666667",1
"4.74375",1
"4.74444444444444",1
"4.75138888888889",3
"4.75277777777778",1
"4.75625",1
"4.75694444444444",2
"4.75763888888889",2
"4.76041666666667",1
"4.76319444444444",1
"4.76597222222222",1
"4.76736111111111",1
"4.77013888888889",1
"4.77222222222222",1
"4.77291666666667",1
"4.77361111111111",1
"4.77430555555556",1
"4.77569444444444",1
"4.77916666666667",1
"4.77986111111111",2
"4.78402777777778",1
"4.78680555555556",1
"4.78819444444444",1
"4.79097222222222",1
"4.79236111111111",1
"4.79513888888889",2
"4.79583333333333",1
"4.79652777777778",1
"4.79861111111111",1
"4.80069444444444",1
"4.80138888888889",1
"4.80208333333333",1
"4.80486111111111",1
"4.80902777777778",1
"4.80972222222222",1
"4.81388888888889",1
"4.81458333333333",1
"4.81666666666667",1
"4.81805555555556",2
"4.81944444444444",1
"4.82013888888889",1
"4.82083333333333",1
"4.82222222222222",2
"4.82361111111111",1
"4.82569444444444",1
"4.82708333333333",1
"4.82847222222222",2
"4.83055555555556",1
"4.83194444444444",1
"4.83333333333333",1
"4.83402777777778",1
"4.83819444444444",1
"4.84236111111111",2
"4.84513888888889",1
"4.84791666666667",1
"4.84861111111111",1
"4.84930555555556",1
"4.85277777777778",1
"4.85347222222222",1
"4.85416666666667",2
"4.85486111111111",1
"4.85694444444444",1
"4.85763888888889",1
"4.85833333333333",2
"4.85902777777778",1
"4.86041666666667",1
"4.86180555555556",1
"4.8625",1
"4.86458333333333",1
"4.86597222222222",1
"4.86805555555556",1
"4.86875",2
"4.86944444444444",1
"4.87013888888889",1
"4.87083333333333",1
"4.87291666666667",1
"4.875",3
"4.87569444444444",1
"4.87708333333333",2
"4.87916666666667",2
"4.88472222222222",1
"4.8875",1
"4.88819444444444",1
"4.89027777777778",1
"4.89097222222222",1
"4.89166666666667",2
"4.89444444444444",1
"4.89513888888889",1
"4.89930555555556",1
"4.90277777777778",1
"4.90416666666667",1
"4.90486111111111",1
"4.90555555555556",1
"4.90833333333333",1
"4.91041666666667",2
"4.91319444444444",1
"4.91527777777778",1
"4.91666666666667",1
"4.91805555555556",1
"4.91875",1
"4.92013888888889",1
"4.92152777777778",1
"4.92222222222222",1
"4.92638888888889",1
"4.92916666666667",1
"4.92986111111111",1
"4.93055555555556",1
"4.93263888888889",1
"4.93541666666667",1
"4.93611111111111",1
"4.93680555555556",1
"4.9375",1
"4.93819444444444",1
"4.94791666666667",2
"4.94930555555556",2
"4.95069444444444",1
"4.95277777777778",2
"4.95555555555556",1
"4.95625",1
"4.95833333333333",1
"4.9625",1
"4.96388888888889",1
"4.96527777777778",1
"4.96736111111111",1
"4.97152777777778",1
"4.97222222222222",1
"4.97361111111111",1
"4.97777777777778",1
"4.97847222222222",1
"4.97916666666667",1
"4.98194444444444",1
"4.98263888888889",3
"4.98333333333333",1
"4.98611111111111",1
"4.98680555555556",1
"4.98888888888889",1
"4.98958333333333",1
"4.99305555555556",1
"4.99375",1
"4.99444444444444",1
"4.99513888888889",1
"4.99791666666667",1
"5.00138888888889",1
"5.00208333333333",1
"5.00277777777778",1
"5.00555555555556",1
"5.01041666666667",1
"5.02291666666667",1
"5.02847222222222",1
"5.03263888888889",1
"5.03472222222222",1
"5.03541666666667",1
"5.03680555555556",1
"5.04027777777778",1
"5.04513888888889",1
"5.05",1
"5.06041666666667",1
"5.06458333333333",1
"5.07291666666667",1
"5.09375",1
"5.09444444444444",1
"5.1",1
"5.10972222222222",1
"5.11180555555556",2
"5.11597222222222",1
"5.11944444444444",1
"5.12013888888889",1
"5.12222222222222",2
"5.12430555555556",2
"5.13125",1
"5.13263888888889",1
"5.13472222222222",1
"5.15069444444444",1
"5.15625",1
"5.15972222222222",1
"5.16527777777778",1
"5.17222222222222",1
"5.18611111111111",1
"5.18958333333333",1
"5.19930555555556",1
"5.20694444444444",1
"5.21597222222222",1
"5.225",1
"5.24513888888889",1
"5.24861111111111",1
"5.26666666666667",1
"5.28125",1
"5.28819444444444",1
"5.30763888888889",2
"5.30833333333333",1
"5.33263888888889",1
"5.34652777777778",2
"5.34861111111111",1
"5.37291666666667",1
"5.37916666666667",1
"5.38194444444444",1
"5.38541666666667",1
"5.39097222222222",1
"5.40069444444444",1
"5.40833333333333",1
"5.40972222222222",1
"5.41666666666667",1
"5.41736111111111",1
"5.44583333333333",1
"5.44930555555556",1
"5.46805555555556",1
"5.4875",1
"5.49097222222222",2
"5.49583333333333",1
"5.50416666666667",1
"5.50625",1
"5.51527777777778",1
"5.51597222222222",1
"5.51736111111111",1
"5.51805555555556",1
"5.52152777777778",1
"5.53819444444444",1
"5.55069444444444",1
"5.55347222222222",1
"5.56111111111111",1
"5.56527777777778",1
"5.57013888888889",1
"5.57222222222222",1
"5.575",1
"5.57569444444444",2
"5.57986111111111",1
"5.58472222222222",1
"5.58611111111111",1
"5.58819444444444",1
"5.59375",1
"5.59861111111111",1
"5.60694444444444",2
"5.61805555555556",1
"5.62013888888889",1
"5.62083333333333",1
"5.62638888888889",1
"5.62986111111111",1
"5.63055555555556",1
"5.64027777777778",1
"5.64444444444444",1
"5.64513888888889",2
"5.64930555555556",1
"5.65486111111111",1
"5.66666666666667",1
"5.67777777777778",1
"5.68125",1
"5.68194444444444",1
"5.68472222222222",1
"5.69027777777778",1
"5.69166666666667",1
"5.69375",1
"5.69930555555556",1
"5.70138888888889",1
"5.70486111111111",1
"5.70555555555556",1
"5.70625",1
"5.70694444444444",2
"5.71319444444444",1
"5.72013888888889",1
"5.72083333333333",1
"5.72986111111111",1
"5.73819444444444",1
"5.74027777777778",1
"5.74305555555556",1
"5.74513888888889",1
"5.74652777777778",1
"5.74861111111111",1
"5.75347222222222",1
"5.75763888888889",1
"5.76180555555556",1
"5.76527777777778",1
"5.76666666666667",1
"5.76736111111111",1
"5.76875",1
"5.77222222222222",2
"5.77291666666667",2
"5.77361111111111",1
"5.775",1
"5.78125",2
"5.78402777777778",2
"5.78611111111111",2
"5.78680555555556",1
"5.7875",1
"5.79166666666667",1
"5.79861111111111",1
"5.79930555555556",1
"5.80277777777778",1
"5.80833333333333",1
"5.81041666666667",1
"5.8125",2
"5.82430555555556",1
"5.82569444444444",1
"5.82638888888889",1
"5.82777777777778",3
"5.82847222222222",2
"5.83472222222222",1
"5.84097222222222",1
"5.84305555555556",1
"5.84861111111111",1
"5.85069444444444",1
"5.85347222222222",1
"5.85555555555556",1
"5.85972222222222",1
"5.86111111111111",1
"5.86180555555556",1
"5.86527777777778",1
"5.86805555555556",1
"5.86875",1
"5.87708333333333",1
"5.87916666666667",1
"5.88472222222222",1
"5.88541666666667",1
"5.8875",1
"5.88819444444444",1
"5.89444444444444",1
"5.89583333333333",3
"5.89722222222222",1
"5.89861111111111",1
"5.90069444444444",1
"5.90555555555556",2
"5.90833333333333",1
"5.90972222222222",1
"5.9125",1
"5.91527777777778",1
"5.91805555555556",1
"5.91875",1
"5.92222222222222",1
"5.92430555555556",1
"5.93194444444444",2
"5.93541666666667",1
"5.93680555555556",1
"5.94097222222222",1
"5.94305555555556",1
"5.94513888888889",2
"5.94722222222222",1
"5.94791666666667",1
"5.94930555555556",1
"5.95416666666667",1
"5.96180555555556",1
"5.96736111111111",1
"5.97708333333333",1
"5.98333333333333",1
"5.99375",1
"5.99444444444444",1
"5.99930555555556",1
"6.00416666666667",1
"6.01319444444444",1
"6.01458333333333",1
"6.01875",1
"6.02152777777778",1
"6.02847222222222",1
"6.03194444444444",1
"6.04166666666667",1
"6.04236111111111",1
"6.04375",1
"6.04444444444444",1
"6.04652777777778",1
"6.05",1
"6.05833333333333",1
"6.05902777777778",1
"6.06388888888889",1
"6.07638888888889",1
"6.07847222222222",1
"6.08888888888889",1
"6.09930555555556",1
"6.10416666666667",1
"6.10694444444444",1
"6.11180555555556",1
"6.11527777777778",1
"6.11597222222222",1
"6.11944444444444",1
"6.12152777777778",1
"6.12291666666667",1
"6.13680555555556",1
"6.13958333333333",1
"6.14027777777778",1
"6.14513888888889",1
"6.14861111111111",1
"6.16319444444444",1
"6.17013888888889",1
"6.17083333333333",1
"6.1875",1
"6.20486111111111",2
"6.20694444444444",1
"6.21666666666667",1
"6.21875",1
"6.23888888888889",1
"6.25763888888889",1
"6.26736111111111",1
"6.27083333333333",1
"6.28194444444444",1
"6.28472222222222",1
"6.28611111111111",1
"6.2875",1
"6.30208333333333",1
"6.30277777777778",1
"6.31180555555556",1
"6.31944444444444",1
"6.32916666666667",1
"6.32986111111111",1
"6.34027777777778",1
"6.35",1
"6.35694444444444",1
"6.36805555555556",1
"6.37708333333333",2
"6.39722222222222",1
"6.40902777777778",1
"6.41458333333333",1
"6.42222222222222",1
"6.42916666666667",1
"6.44444444444444",1
"6.44722222222222",1
"6.45069444444444",1
"6.45347222222222",1
"6.47083333333333",1
"6.475",1
"6.49930555555556",1
"6.50555555555556",1
"6.50902777777778",1
"6.50972222222222",1
"6.51666666666667",1
"6.51805555555556",1
"6.52083333333333",1
"6.525",1
"6.53125",1
"6.57222222222222",1
"6.58541666666667",1
"6.59583333333333",1
"6.59930555555556",1
"6.60416666666667",1
"6.62083333333333",1
"6.62638888888889",1
"6.63194444444444",1
"6.63541666666667",1
"6.63819444444444",1
"6.64930555555556",1
"6.65694444444444",1
"6.66388888888889",1
"6.66527777777778",1
"6.66666666666667",1
"6.67430555555556",1
"6.67916666666667",1
"6.68125",1
"6.68611111111111",1
"6.69652777777778",1
"6.69791666666667",1
"6.69930555555556",1
"6.70277777777778",2
"6.70347222222222",1
"6.70416666666667",1
"6.71388888888889",1
"6.71527777777778",1
"6.72361111111111",1
"6.73819444444444",2
"6.73958333333333",1
"6.74375",1
"6.75",1
"6.76111111111111",1
"6.76319444444444",1
"6.76527777777778",2
"6.77013888888889",1
"6.77430555555556",1
"6.77708333333333",1
"6.77847222222222",1
"6.78541666666667",1
"6.78958333333333",1
"6.79097222222222",2
"6.79305555555556",1
"6.79930555555556",1
"6.8",1
"6.80416666666667",1
"6.80972222222222",1
"6.81319444444444",1
"6.81597222222222",1
"6.81805555555556",1
"6.81875",1
"6.82013888888889",1
"6.82638888888889",1
"6.82777777777778",1
"6.82847222222222",1
"6.8375",1
"6.83888888888889",1
"6.84097222222222",1
"6.85347222222222",1
"6.85833333333333",1
"6.86041666666667",1
"6.87013888888889",1
"6.87152777777778",2
"6.87361111111111",1
"6.87638888888889",1
"6.88402777777778",1
"6.88472222222222",1
"6.89305555555556",1
"6.89375",2
"6.89513888888889",1
"6.89652777777778",1
"6.90555555555556",1
"6.90694444444444",1
"6.90763888888889",1
"6.91319444444444",1
"6.91597222222222",2
"6.925",1
"6.92569444444444",1
"6.93333333333333",2
"6.94166666666667",1
"6.94375",2
"6.95486111111111",2
"6.95625",1
"6.95694444444444",1
"6.95902777777778",1
"6.96388888888889",1
"6.96458333333333",1
"6.96736111111111",1
"6.96805555555556",1
"6.98055555555556",1
"6.98472222222222",1
"6.98611111111111",1
"6.98888888888889",1
"6.99513888888889",2
"6.99861111111111",2
"7.00763888888889",1
"7.01041666666667",1
"7.01180555555556",1
"7.01319444444444",1
"7.01458333333333",1
"7.01666666666667",1
"7.02361111111111",1
"7.025",1
"7.03055555555556",1
"7.03125",1
"7.03680555555556",1
"7.03819444444444",1
"7.04444444444444",1
"7.04583333333333",1
"7.05069444444444",1
"7.06736111111111",1
"7.08611111111111",1
"7.08958333333333",1
"7.09305555555556",1
"7.10347222222222",1
"7.11180555555556",1
"7.12430555555556",1
"7.12569444444444",1
"7.12916666666667",1
"7.16041666666667",1
"7.1625",1
"7.17638888888889",1
"7.20208333333333",1
"7.21805555555556",1
"7.22847222222222",1
"7.23194444444444",1
"7.23611111111111",1
"7.24097222222222",1
"7.24444444444444",1
"7.24930555555556",1
"7.26041666666667",1
"7.26180555555556",1
"7.29583333333333",1
"7.36527777777778",1
"7.37013888888889",1
"7.40416666666667",1
"7.42222222222222",1
"7.45138888888889",1
"7.45277777777778",1
"7.45347222222222",1
"7.45486111111111",1
"7.47569444444444",1
"7.47638888888889",1
"7.48055555555556",1
"7.48194444444444",1
"7.48888888888889",1
"7.49583333333333",1
"7.49722222222222",1
"7.50625",1
"7.52638888888889",1
"7.52777777777778",1
"7.54583333333333",1
"7.54722222222222",1
"7.55069444444444",1
"7.56666666666667",1
"7.57777777777778",1
"7.5875",1
"7.59027777777778",1
"7.6",1
"7.63194444444444",1
"7.64861111111111",1
"7.65416666666667",1
"7.65555555555556",1
"7.66180555555556",1
"7.67708333333333",1
"7.67847222222222",1
"7.68680555555556",1
"7.69166666666667",1
"7.69791666666667",1
"7.70555555555556",1
"7.70694444444444",1
"7.70763888888889",1
"7.70902777777778",1
"7.71527777777778",1
"7.71805555555556",1
"7.72638888888889",1
"7.72847222222222",1
"7.72916666666667",1
"7.73333333333333",1
"7.74305555555556",1
"7.74375",1
"7.74513888888889",1
"7.75625",1
"7.76597222222222",1
"7.76944444444444",1
"7.77152777777778",1
"7.77291666666667",1
"7.77847222222222",1
"7.78055555555556",1
"7.78402777777778",1
"7.78541666666667",1
"7.79444444444444",1
"7.8",1
"7.80416666666667",1
"7.81458333333333",1
"7.82708333333333",1
"7.8375",2
"7.84027777777778",1
"7.84513888888889",1
"7.84861111111111",1
"7.85277777777778",1
"7.85416666666667",1
"7.85625",1
"7.85972222222222",1
"7.88055555555556",2
"7.88125",1
"7.89722222222222",1
"7.89791666666667",1
"7.90347222222222",1
"7.91180555555556",1
"7.9125",1
"7.91597222222222",1
"7.92013888888889",1
"7.925",3
"7.92569444444444",2
"7.92638888888889",1
"7.92777777777778",1
"7.93333333333333",1
"7.93888888888889",1
"7.93958333333333",1
"7.94236111111111",2
"7.95208333333333",1
"7.95625",1
"7.96666666666667",1
"7.96736111111111",1
"7.97222222222222",1
"7.97777777777778",1
"7.97847222222222",1
"7.97986111111111",1
"7.98333333333333",1
"8",1
"8.00138888888889",1
"8.00555555555556",1
"8.00694444444444",1
"8.00972222222222",1
"8.01805555555556",1
"8.01875",1
"8.02083333333333",1
"8.02361111111111",1
"8.0375",1
"8.03888888888889",1
"8.04513888888889",1
"8.05625",1
"8.06388888888889",1
"8.06527777777778",1
"8.09652777777778",1
"8.11527777777778",1
"8.14305555555556",1
"8.18055555555556",1
"8.20625",1
"8.21041666666667",1
"8.21527777777778",1
"8.21805555555556",1
"8.22222222222222",1
"8.22986111111111",1
"8.275",1
"8.30138888888889",1
"8.31805555555556",2
"8.33194444444444",1
"8.36527777777778",1
"8.38125",1
"8.39513888888889",1
"8.41458333333333",1
"8.42013888888889",1
"8.44166666666667",1
"8.45347222222222",1
"8.4875",1
"8.49166666666667",1
"8.49513888888889",1
"8.50763888888889",1
"8.53402777777778",1
"8.54305555555556",1
"8.55",1
"8.55069444444444",1
"8.55347222222222",1
"8.55416666666667",1
"8.58263888888889",1
"8.59375",1
"8.63125",1
"8.63472222222222",1
"8.64513888888889",1
"8.64930555555556",1
"8.65486111111111",1
"8.65625",1
"8.66180555555556",1
"8.66527777777778",1
"8.67083333333333",1
"8.67430555555556",2
"8.68194444444444",1
"8.71736111111111",1
"8.72152777777778",1
"8.725",1
"8.73194444444444",1
"8.73611111111111",1
"8.74305555555556",1
"8.74375",1
"8.74444444444444",1
"8.75069444444444",1
"8.76111111111111",1
"8.80416666666667",1
"8.81180555555556",1
"8.82222222222222",1
"8.83333333333333",1
"8.84027777777778",1
"8.84930555555556",1
"8.85694444444444",1
"8.86388888888889",1
"8.86597222222222",1
"8.87361111111111",1
"8.91111111111111",1
"8.92013888888889",1
"8.925",1
"8.92569444444444",1
"8.93333333333333",1
"8.95069444444444",1
"8.95138888888889",1
"8.98194444444444",1
"8.98263888888889",3
"8.98819444444444",1
"8.99305555555556",1
"8.99791666666667",1
"9",1
"9.00694444444444",1
"9.00972222222222",1
"9.01111111111111",1
"9.01388888888889",1
"9.02013888888889",1
"9.02430555555556",1
"9.02708333333333",1
"9.04027777777778",1
"9.04166666666667",1
"9.04236111111111",1
"9.04305555555556",1
"9.07222222222222",1
"9.07638888888889",1
"9.125",1
"9.14236111111111",1
"9.15486111111111",1
"9.16388888888889",1
"9.16736111111111",1
"9.19236111111111",1
"9.21180555555556",1
"9.22569444444444",1
"9.27569444444444",1
"9.2875",1
"9.28819444444444",1
"9.31527777777778",1
"9.33125",1
"9.34166666666667",1
"9.34583333333333",1
"9.36875",1
"9.37291666666667",1
"9.37361111111111",1
"9.42222222222222",1
"9.42847222222222",1
"9.44861111111111",1
"9.46666666666667",1
"9.47569444444444",1
"9.50694444444444",1
"9.51388888888889",1
"9.52013888888889",1
"9.52569444444444",1
"9.53541666666667",1
"9.54097222222222",1
"9.55",1
"9.55069444444444",1
"9.56666666666667",1
"9.575",2
"9.57986111111111",1
"9.58333333333333",1
"9.59583333333333",1
"9.60138888888889",2
"9.6375",1
"9.64652777777778",1
"9.67013888888889",1
"9.67708333333333",1
"9.69444444444444",1
"9.73055555555556",1
"9.74791666666667",1
"9.75555555555556",1
"9.76527777777778",1
"9.77222222222222",1
"9.78125",1
"9.78263888888889",1
"9.78333333333333",1
"9.79166666666667",1
"9.8125",1
"9.81458333333333",1
"9.81597222222222",1
"9.82083333333333",1
"9.82152777777778",1
"9.82708333333333",1
"9.83055555555556",1
"9.84236111111111",1
"9.86041666666667",1
"9.8625",1
"9.86458333333333",1
"9.87777777777778",1
"9.87847222222222",1
"9.88333333333333",1
"9.8875",1
"9.89236111111111",1
"9.89513888888889",1
"9.90902777777778",1
"9.91180555555556",1
"9.91527777777778",1
"9.92083333333333",1
"9.93194444444444",1
"9.95",1
"9.96527777777778",1
"9.97013888888889",1
"9.97916666666667",1
"9.98402777777778",1
"9.99652777777778",1
"10.0069444444444",1
"10.0090277777778",1
"10.0104166666667",1
"10.0298611111111",2
"10.0368055555556",1
"10.0451388888889",2
"10.0548611111111",1
"10.0618055555556",1
"10.0715277777778",1
"10.0840277777778",1
"10.0868055555556",1
"10.0979166666667",1
"10.0993055555556",1
"10.1118055555556",1
"10.1270833333333",1
"10.1305555555556",1
"10.1465277777778",1
"10.15",1
"10.16875",1
"10.1729166666667",1
"10.2111111111111",2
"10.2277777777778",1
"10.2604166666667",1
"10.3",1
"10.3215277777778",1
"10.3291666666667",1
"10.3701388888889",1
"10.3708333333333",1
"10.39375",1
"10.4041666666667",1
"10.4104166666667",1
"10.4284722222222",1
"10.4534722222222",1
"10.4597222222222",1
"10.475",1
"10.4861111111111",2
"10.5034722222222",1
"10.5076388888889",1
"10.5152777777778",1
"10.5180555555556",1
"10.5916666666667",2
"10.6347222222222",1
"10.6388888888889",1
"10.6395833333333",1
"10.6555555555556",1
"10.6625",1
"10.6701388888889",1
"10.6930555555556",1
"10.6979166666667",1
"10.6993055555556",1
"10.7083333333333",1
"10.7125",1
"10.7291666666667",1
"10.7402777777778",1
"10.7416666666667",1
"10.7479166666667",1
"10.7659722222222",2
"10.7673611111111",1
"10.76875",1
"10.8",1
"10.8034722222222",1
"10.8083333333333",1
"10.8256944444444",1
"10.86875",1
"10.8763888888889",1
"10.8881944444444",1
"10.8888888888889",1
"10.8958333333333",1
"10.8972222222222",1
"10.9013888888889",1
"10.9090277777778",1
"10.9118055555556",1
"10.9173611111111",1
"10.91875",1
"10.9305555555556",1
"10.9375",1
"10.9395833333333",1
"10.9402777777778",1
"10.9527777777778",1
"10.9569444444444",1
"11.0034722222222",1
"11.0166666666667",1
"11.0256944444444",1
"11.0284722222222",1
"11.0534722222222",1
"11.0666666666667",1
"11.0722222222222",1
"11.0736111111111",1
"11.0784722222222",1
"11.0833333333333",1
"11.1201388888889",1
"11.1208333333333",1
"11.1486111111111",1
"11.1569444444444",1
"11.1645833333333",1
"11.2013888888889",1
"11.2305555555556",1
"11.23125",1
"11.2388888888889",1
"11.2513888888889",1
"11.2729166666667",1
"11.2763888888889",1
"11.2791666666667",1
"11.3027777777778",1
"11.4194444444444",1
"11.4416666666667",1
"11.4638888888889",1
"11.4673611111111",1
"11.4756944444444",1
"11.5076388888889",1
"11.5208333333333",1
"11.5520833333333",1
"11.5548611111111",1
"11.5569444444444",1
"11.5597222222222",1
"11.5763888888889",1
"11.5951388888889",1
"11.6152777777778",1
"11.6263888888889",1
"11.6479166666667",1
"11.6576388888889",1
"11.6708333333333",2
"11.7048611111111",1
"11.7076388888889",1
"11.7291666666667",1
"11.7319444444444",1
"11.7347222222222",1
"11.7368055555556",1
"11.7381944444444",1
"11.7527777777778",1
"11.7625",1
"11.8055555555556",1
"11.8138888888889",1
"11.8236111111111",1
"11.8270833333333",1
"11.8513888888889",1
"11.8534722222222",1
"11.8777777777778",1
"11.8805555555556",1
"11.8847222222222",1
"11.8951388888889",1
"11.8958333333333",1
"11.8972222222222",1
"11.9020833333333",1
"11.9152777777778",1
"11.9173611111111",1
"11.9270833333333",1
"11.9354166666667",1
"11.9361111111111",1
"11.9520833333333",1
"11.9694444444444",1
"11.9979166666667",1
"12.0020833333333",1
"12.0083333333333",1
"12.0208333333333",1
"12.08125",1
"12.0840277777778",1
"12.1222222222222",1
"12.1333333333333",1
"12.1381944444444",1
"12.1402777777778",1
"12.1652777777778",1
"12.2020833333333",1
"12.2194444444444",1
"12.2319444444444",1
"12.2465277777778",1
"12.3361111111111",1
"12.3631944444444",2
"12.3701388888889",1
"12.3909722222222",1
"12.4451388888889",1
"12.4548611111111",1
"12.4597222222222",1
"12.4625",1
"12.4805555555556",1
"12.4888888888889",1
"12.50625",1
"12.54375",1
"12.5666666666667",1
"12.5715277777778",1
"12.5791666666667",1
"12.6111111111111",1
"12.6138888888889",1
"12.6159722222222",1
"12.6659722222222",1
"12.6694444444444",1
"12.6756944444444",1
"12.6868055555556",1
"12.7236111111111",1
"12.7541666666667",1
"12.7743055555556",1
"12.7784722222222",1
"12.79375",1
"12.7944444444444",1
"12.80625",1
"12.8222222222222",1
"12.8326388888889",1
"12.8458333333333",1
"12.8576388888889",1
"12.8590277777778",1
"12.8680555555556",1
"12.86875",1
"12.8736111111111",1
"12.8902777777778",1
"12.8930555555556",1
"12.9027777777778",1
"12.9097222222222",1
"12.9145833333333",1
"12.9368055555556",1
"12.9423611111111",1
"12.9430555555556",1
"12.9541666666667",1
"13.0076388888889",1
"13.0909722222222",1
"13.1076388888889",1
"13.1256944444444",1
"13.14375",1
"13.1458333333333",1
"13.1555555555556",1
"13.1736111111111",1
"13.1958333333333",1
"13.3506944444444",1
"13.3798611111111",1
"13.4236111111111",1
"13.4326388888889",1
"13.4347222222222",1
"13.4604166666667",1
"13.4722222222222",1
"13.5465277777778",1
"13.5611111111111",1
"13.5701388888889",1
"13.5833333333333",1
"13.6194444444444",1
"13.6340277777778",1
"13.6430555555556",1
"13.66875",1
"13.6798611111111",1
"13.6840277777778",1
"13.6902777777778",1
"13.7236111111111",2
"13.7354166666667",1
"13.7888888888889",1
"13.7902777777778",1
"13.7979166666667",1
"13.8236111111111",2
"13.8270833333333",1
"13.8395833333333",1
"13.8430555555556",1
"13.8472222222222",1
"13.8486111111111",1
"13.8590277777778",1
"13.8666666666667",1
"13.8729166666667",1
"13.8861111111111",1
"13.8875",1
"13.8930555555556",2
"13.9361111111111",1
"13.9486111111111",1
"13.9520833333333",1
"13.96875",1
"13.9763888888889",1
"13.9916666666667",1
"14.0090277777778",1
"14.0333333333333",1
"14.0708333333333",1
"14.1159722222222",1
"14.1208333333333",1
"14.1291666666667",1
"14.2611111111111",1
"14.3173611111111",1
"14.3277777777778",1
"14.4",1
"14.4368055555556",1
"14.4381944444444",1
"14.4673611111111",1
"14.4722222222222",1
"14.4756944444444",1
"14.4958333333333",1
"14.5020833333333",1
"14.5131944444444",1
"14.5548611111111",1
"14.5729166666667",1
"14.5861111111111",1
"14.5993055555556",1
"14.6090277777778",1
"14.6645833333333",1
"14.7034722222222",1
"14.7173611111111",1
"14.7208333333333",1
"14.7305555555556",1
"14.73125",1
"14.7868055555556",1
"14.79375",1
"14.8041666666667",2
"14.8048611111111",1
"14.8215277777778",1
"14.8520833333333",2
"14.8569444444444",1
"14.8652777777778",1
"14.8756944444444",1
"14.9111111111111",1
"14.9201388888889",1
"14.9263888888889",1
"14.9270833333333",1
"14.9305555555556",1
"14.9791666666667",1
"14.9951388888889",1
"14.9993055555556",1
"15.1666666666667",1
"15.16875",1
"15.175",1
"15.2833333333333",1
"15.2958333333333",1
"15.3694444444444",1
"15.3986111111111",1
"15.4013888888889",1
"15.5590277777778",1
"15.5631944444444",1
"15.5923611111111",1
"15.6430555555556",1
"15.6506944444444",1
"15.6638888888889",1
"15.6715277777778",1
"15.7090277777778",1
"15.7159722222222",1
"15.7597222222222",1
"15.7833333333333",1
"15.8111111111111",1
"15.8229166666667",1
"15.8458333333333",1
"15.8520833333333",1
"15.8569444444444",1
"15.8708333333333",1
"15.8923611111111",2
"15.8951388888889",1
"15.9076388888889",1
"15.9229166666667",1
"15.9409722222222",1
"15.9458333333333",1
"15.9472222222222",1
"15.9520833333333",1
"15.9527777777778",1
"15.9708333333333",1
"15.98125",1
"15.9916666666667",1
"16.0034722222222",1
"16.0055555555556",1
"16.0159722222222",2
"16.0361111111111",1
"16.0708333333333",1
"16.1277777777778",1
"16.2388888888889",1
"16.2951388888889",1
"16.4152777777778",1
"16.4645833333333",1
"16.4993055555556",1
"16.5006944444444",1
"16.5041666666667",1
"16.5861111111111",1
"16.6006944444444",1
"16.6159722222222",1
"16.6298611111111",1
"16.6402777777778",1
"16.6430555555556",1
"16.6493055555556",1
"16.6590277777778",1
"16.7013888888889",1
"16.7354166666667",1
"16.7618055555556",1
"16.7826388888889",1
"16.7868055555556",1
"16.8013888888889",1
"16.8131944444444",1
"16.8291666666667",1
"16.8409722222222",1
"16.8479166666667",1
"16.8805555555556",1
"16.8979166666667",1
"16.91875",1
"16.9270833333333",1
"16.93125",1
"16.9409722222222",1
"16.9840277777778",1
"17",1
"17.0090277777778",1
"17.0125",1
"17.0451388888889",1
"17.0729166666667",1
"17.0826388888889",1
"17.1048611111111",1
"17.1381944444444",1
"17.3305555555556",1
"17.3701388888889",1
"17.4506944444444",1
"17.4756944444444",1
"17.4791666666667",1
"17.5263888888889",1
"17.5701388888889",1
"17.6215277777778",1
"17.6458333333333",1
"17.6541666666667",1
"17.6708333333333",1
"17.6715277777778",1
"17.6840277777778",1
"17.7097222222222",1
"17.7395833333333",1
"17.7430555555556",1
"17.7527777777778",1
"17.7909722222222",1
"17.8006944444444",1
"17.8326388888889",1
"17.8506944444444",1
"17.8597222222222",1
"17.875",1
"17.8840277777778",1
"17.9263888888889",2
"17.9284722222222",1
"17.9458333333333",1
"17.9618055555556",1
"18.0361111111111",1
"18.0416666666667",1
"18.0604166666667",1
"18.1263888888889",1
"18.2972222222222",1
"18.3354166666667",1
"18.3444444444444",1
"18.3770833333333",1
"18.4305555555556",1
"18.4652777777778",1
"18.4715277777778",1
"18.5590277777778",1
"18.6083333333333",1
"18.6131944444444",1
"18.6236111111111",1
"18.6388888888889",1
"18.6659722222222",1
"18.6798611111111",1
"18.6819444444444",1
"18.7347222222222",1
"18.7479166666667",1
"18.7625",1
"18.7916666666667",1
"18.8104166666667",1
"18.8263888888889",1
"18.8493055555556",1
"18.85",1
"18.8715277777778",1
"18.9263888888889",1
"18.9708333333333",1
"18.9756944444444",1
"19.0152777777778",1
"19.0361111111111",1
"19.0451388888889",1
"19.0666666666667",1
"19.0701388888889",1
"19.1444444444444",1
"19.1458333333333",1
"19.15",1
"19.1972222222222",1
"19.2423611111111",1
"19.3006944444444",1
"19.3208333333333",1
"19.3868055555556",1
"19.4208333333333",1
"19.4381944444444",1
"19.4722222222222",1
"19.5076388888889",1
"19.5847222222222",1
"19.6090277777778",1
"19.7222222222222",1
"19.7333333333333",1
"19.7666666666667",1
"19.80625",1
"19.8354166666667",1
"19.8479166666667",1
"19.8541666666667",1
"19.8756944444444",1
"19.9020833333333",1
"19.9027777777778",1
"19.9131944444444",1
"19.9659722222222",1
"19.9673611111111",1
"20.0159722222222",1
"20.03125",1
"20.1493055555556",1
"20.1715277777778",1
"20.2222222222222",1
"20.2451388888889",1
"20.3083333333333",1
"20.4805555555556",1
"20.4951388888889",1
"20.5333333333333",1
"20.54375",1
"20.5743055555556",1
"20.575",1
"20.5875",1
"20.6229166666667",1
"20.65",1
"20.6548611111111",1
"20.6569444444444",1
"20.6770833333333",1
"20.69375",1
"20.7",1
"20.7319444444444",1
"20.7826388888889",1
"20.7888888888889",1
"20.8034722222222",1
"20.8076388888889",1
"20.8194444444444",1
"20.8277777777778",1
"20.8506944444444",1
"20.8520833333333",1
"20.8604166666667",1
"20.8625",1
"20.8930555555556",1
"20.9013888888889",1
"20.9395833333333",1
"20.9527777777778",1
"20.9694444444444",1
"21.0006944444444",1
"21.0125",1
"21.0263888888889",1
"21.0381944444444",1
"21.0770833333333",1
"21.0854166666667",1
"21.1555555555556",1
"21.2756944444444",1
"21.3423611111111",1
"21.5229166666667",1
"21.5319444444444",1
"21.5409722222222",1
"21.5520833333333",1
"21.6020833333333",1
"21.6048611111111",1
"21.6201388888889",1
"21.6819444444444",1
"21.7034722222222",1
"21.7222222222222",1
"21.7548611111111",1
"21.7840277777778",1
"21.7847222222222",1
"21.8131944444444",1
"21.8527777777778",1
"21.9006944444444",1
"21.9555555555556",1
"22.0013888888889",1
"22.1097222222222",1
"22.14375",1
"22.1520833333333",1
"22.2395833333333",1
"22.4708333333333",1
"22.4729166666667",1
"22.5493055555556",1
"22.6520833333333",1
"22.6631944444444",1
"22.70625",1
"22.7520833333333",1
"22.7819444444444",1
"22.8020833333333",1
"22.8159722222222",1
"22.8277777777778",1
"22.8444444444444",1
"22.8715277777778",1
"22.9027777777778",1
"22.9256944444444",1
"22.9277777777778",1
"22.9666666666667",1
"22.9819444444444",1
"23",1
"23.0138888888889",1
"23.0270833333333",1
"23.04375",1
"23.0930555555556",1
"23.2277777777778",1
"23.26875",1
"23.3347222222222",1
"23.3375",1
"23.3631944444444",1
"23.4722222222222",1
"23.4923611111111",1
"23.5090277777778",1
"23.5131944444444",1
"23.6298611111111",1
"23.6458333333333",1
"23.6513888888889",1
"23.725",1
"23.7756944444444",1
"23.7979166666667",1
"23.8166666666667",1
"23.8229166666667",1
"23.84375",1
"23.8472222222222",1
"23.8604166666667",1
"23.8743055555556",1
"23.8756944444444",1
"23.8951388888889",1
"23.9",1
"23.9173611111111",1
"24.0604166666667",1
"24.0819444444444",1
"24.2770833333333",1
"24.3791666666667",1
"24.4180555555556",1
"24.4409722222222",1
"24.4631944444444",1
"24.5284722222222",1
"24.5444444444444",1
"24.6298611111111",1
"24.6333333333333",1
"24.6555555555556",1
"24.7",1
"24.7006944444444",1
"24.7180555555556",1
"24.7534722222222",1
"24.8104166666667",1
"24.83125",1
"24.8597222222222",1
"24.8611111111111",1
"24.8770833333333",1
"24.8888888888889",2
"24.8993055555556",1
"24.9020833333333",1
"24.9326388888889",1
"24.95625",1
"25.0326388888889",1
"25.1055555555556",1
"25.2284722222222",1
"25.2722222222222",1
"25.3236111111111",1
"25.3569444444444",1
"25.5048611111111",1
"25.5173611111111",1
"25.5381944444444",1
"25.5423611111111",1
"25.5458333333333",1
"25.5833333333333",1
"25.7152777777778",1
"25.7263888888889",1
"25.7423611111111",1
"25.7527777777778",1
"25.7534722222222",1
"25.7694444444444",1
"25.7923611111111",1
"25.8236111111111",1
"25.8541666666667",1
"25.89375",1
"25.9069444444444",1
"25.9263888888889",1
"25.93125",1
"25.9611111111111",1
"25.9979166666667",1
"25.9993055555556",1
"26.0319444444444",1
"26.0826388888889",1
"26.2034722222222",1
"26.2569444444444",1
"26.2868055555556",1
"26.2993055555556",1
"26.3611111111111",1
"26.4361111111111",1
"26.4444444444444",1
"26.4583333333333",2
"26.4597222222222",1
"26.4652777777778",1
"26.5090277777778",1
"26.5520833333333",1
"26.5979166666667",1
"26.6",1
"26.6111111111111",1
"26.625",1
"26.6479166666667",1
"26.6722222222222",1
"26.6979166666667",1
"26.7284722222222",1
"26.7493055555556",1
"26.7840277777778",1
"26.7881944444444",1
"26.8125",1
"26.8354166666667",1
"26.8479166666667",1
"26.8611111111111",1
"26.8652777777778",1
"26.9041666666667",1
"26.9236111111111",1
"26.9729166666667",1
"26.9875",1
"26.9944444444444",1
"27.0138888888889",1
"27.1083333333333",1
"27.24375",1
"27.4041666666667",1
"27.4361111111111",1
"27.4430555555556",1
"27.4736111111111",1
"27.4756944444444",1
"27.4930555555556",1
"27.5111111111111",1
"27.5506944444444",1
"27.6111111111111",1
"27.6180555555556",1
"27.6888888888889",1
"27.7840277777778",1
"27.8125",1
"27.8347222222222",1
"27.8916666666667",1
"27.8993055555556",1
"28.0034722222222",1
"28.0958333333333",1
"28.1090277777778",1
"28.2833333333333",1
"28.4388888888889",1
"28.4645833333333",1
"28.5847222222222",1
"28.7395833333333",1
"28.7618055555556",1
"28.7895833333333",1
"28.8166666666667",1
"28.8819444444444",1
"28.9493055555556",1
"28.9555555555556",1
"28.9743055555556",1
"29",1
"29.03125",1
"29.1770833333333",1
"29.2354166666667",1
"29.2826388888889",1
"29.3611111111111",1
"29.5444444444444",1
"29.58125",1
"29.6381944444444",1
"29.7222222222222",1
"29.7729166666667",1
"29.8104166666667",1
"29.8277777777778",1
"29.8743055555556",1
"29.9027777777778",1
"29.9388888888889",1
"29.9548611111111",1
"29.9659722222222",1
"29.9972222222222",1
"30.0090277777778",1
"30.1090277777778",1
"30.1159722222222",1
"30.4041666666667",1
"30.5930555555556",1
"30.6270833333333",1
"30.6833333333333",1
"30.7222222222222",1
"30.8430555555556",1
"30.925",1
"30.9263888888889",1
"30.9986111111111",1
"31.025",1
"31.3368055555556",1
"31.5423611111111",1
"31.6229166666667",1
"31.63125",1
"31.7041666666667",1
"31.7743055555556",1
"31.7770833333333",1
"31.7854166666667",1
"31.79375",1
"31.7986111111111",1
"31.8611111111111",1
"31.9270833333333",1
"31.9361111111111",1
"31.94375",1
"32.0618055555556",1
"32.1465277777778",1
"32.2069444444444",1
"32.4152777777778",1
"32.4902777777778",1
"32.5305555555556",1
"32.7326388888889",1
"32.7590277777778",1
"32.7847222222222",1
"32.8541666666667",1
"32.8729166666667",1
"32.8944444444444",1
"32.9604166666667",1
"32.9881944444444",1
"33.2736111111111",1
"33.3680555555556",1
"33.3777777777778",1
"33.3965277777778",1
"33.4291666666667",1
"33.66875",1
"33.8027777777778",1
"33.86875",1
"34.0826388888889",1
"34.4159722222222",1
"34.5541666666667",1
"34.6444444444444",1
"34.88125",1
"34.9256944444444",1
"34.9777777777778",1
"34.9875",1
"35.1243055555556",1
"35.1472222222222",1
"35.1583333333333",1
"35.35",1
"35.4708333333333",1
"35.5333333333333",1
"35.6819444444444",1
"35.7020833333333",1
"35.8118055555556",1
"35.8715277777778",1
"35.8763888888889",1
"35.8986111111111",1
"35.9402777777778",1
"35.9430555555556",1
"35.9659722222222",1
"35.9784722222222",1
"35.9993055555556",1
"36.0263888888889",1
"36.1763888888889",1
"36.3256944444444",1
"36.4576388888889",1
"36.5527777777778",1
"36.7590277777778",1
"36.9138888888889",1
"37.2895833333333",1
"37.3180555555556",1
"37.5340277777778",1
"37.5354166666667",1
"37.5576388888889",1
"37.6541666666667",1
"37.7340277777778",1
"37.7458333333333",1
"37.76875",1
"37.8034722222222",1
"37.8965277777778",1
"37.9236111111111",1
"37.9916666666667",1
"38.0861111111111",1
"38.2513888888889",1
"38.3423611111111",1
"38.3548611111111",1
"38.5166666666667",1
"38.5826388888889",1
"38.64375",1
"38.7270833333333",1
"38.7784722222222",1
"38.8645833333333",1
"38.9090277777778",1
"39.4159722222222",1
"39.6208333333333",1
"39.6854166666667",1
"39.6993055555556",1
"39.9097222222222",1
"39.9354166666667",1
"40.0159722222222",1
"40.0604166666667",1
"40.1145833333333",1
"40.4125",1
"40.4340277777778",1
"40.6118055555556",1
"40.7131944444444",1
"40.7305555555556",1
"40.7506944444444",1
"40.7979166666667",1
"41.2131944444444",1
"41.5548611111111",1
"41.8027777777778",1
"41.8340277777778",1
"41.875",1
"41.8805555555556",1
"41.9916666666667",1
"42.1743055555556",1
"42.3638888888889",1
"42.44375",1
"42.5131944444444",1
"42.6770833333333",1
"42.7236111111111",1
"42.7583333333333",1
"42.7958333333333",1
"42.8090277777778",1
"42.8854166666667",1
"42.9090277777778",1
"43.0104166666667",1
"43.1513888888889",1
"43.1840277777778",1
"43.29375",1
"43.6354166666667",1
"43.6861111111111",1
"43.7284722222222",1
"43.7298611111111",1
"43.7361111111111",1
"43.9375",1
"44.08125",1
"44.5736111111111",1
"44.5756944444444",1
"44.6638888888889",1
"44.8458333333333",1
"44.8618055555556",1
"44.8743055555556",1
"44.8930555555556",1
"44.9097222222222",1
"44.9451388888889",1
"44.9729166666667",1
"45.0291666666667",1
"45.1180555555556",1
"45.5347222222222",1
"45.7270833333333",1
"45.7333333333333",1
"45.7680555555556",1
"45.8680555555556",1
"45.8986111111111",1
"45.9083333333333",1
"46.0083333333333",1
"46.1430555555556",1
"46.5416666666667",1
"46.6166666666667",1
"46.6638888888889",1
"46.8076388888889",1
"47.1805555555556",1
"47.6465277777778",1
"47.88125",1
"48.2638888888889",1
"48.5493055555556",1
"48.6277777777778",1
"48.74375",1
"48.7791666666667",1
"48.8194444444444",1
"48.8215277777778",1
"49.1868055555556",1
"49.3298611111111",1
"49.3354166666667",1
"49.5486111111111",1
"49.8027777777778",1
"49.9243055555556",1
"50.0673611111111",1
"50.1166666666667",1
"50.3118055555556",1
"50.7298611111111",1
"50.7611111111111",1
"50.93125",1
"51.1777777777778",1
"51.4861111111111",1
"51.5125",1
"51.5555555555556",1
"51.6826388888889",1
"51.7118055555556",1
"51.7548611111111",1
"51.8125",1
"51.9097222222222",1
"51.9215277777778",1
"51.9333333333333",1
"52.025",1
"52.3784722222222",1
"52.6694444444444",1
"53.73125",1
"53.7430555555556",1
"53.7541666666667",1
"53.7715277777778",1
"53.7993055555556",1
"53.81875",1
"53.9041666666667",1
"53.9159722222222",1
"54.0055555555556",1
"54.0916666666667",1
"54.7284722222222",1
"54.9340277777778",1
"55.6722222222222",1
"55.7618055555556",1
"55.7645833333333",1
"55.7722222222222",1
"55.9520833333333",1
"55.9819444444444",1
"56.6381944444444",1
"56.78125",1
"56.80625",1
"56.9208333333333",1
"56.9263888888889",1
"57.05",1
"57.0715277777778",1
"57.6118055555556",1
"57.7472222222222",1
"57.7486111111111",1
"57.83125",1
"57.8506944444444",1
"57.9222222222222",1
"58.4590277777778",1
"58.5013888888889",1
"58.7340277777778",1
"59.4354166666667",1
"59.4361111111111",1
"59.6965277777778",1
"59.7222222222222",1
"59.7888888888889",1
"59.9826388888889",1
"60.1590277777778",1
"60.59375",1
"60.7756944444444",1
"60.7861111111111",1
"60.9048611111111",1
"61.49375",1
"61.70625",1
"61.7895833333333",1
"61.8013888888889",1
"62.3",1
"62.5402777777778",1
"62.9118055555556",1
"62.9368055555556",1
"62.9458333333333",1
"63.5569444444444",1
"63.8194444444444",1
"63.8333333333333",1
"64.0104166666667",1
"64.3833333333333",1
"64.95",1
"65.0180555555555",1
"65.0652777777778",1
"65.1840277777778",1
"65.8291666666667",1
"65.8944444444444",1
"66.0409722222222",1
"66.2993055555555",1
"66.6604166666667",1
"66.6673611111111",1
"66.6972222222222",1
"67.3854166666667",1
"67.6076388888889",1
"67.8375",1
"68.0076388888889",1
"68.0923611111111",1
"68.7805555555556",1
"68.9180555555556",1
"68.9263888888889",1
"69.5875",1
"69.8486111111111",1
"70.3083333333333",1
"70.74375",1
"71.6368055555556",1
"71.8694444444444",1
"72.8583333333333",1
"73.7736111111111",1
"73.86875",1
"74.5951388888889",1
"74.8069444444444",1
"75.5993055555556",1
"75.8305555555555",1
"76.3972222222222",1
"76.4604166666667",1
"76.8090277777778",1
"77.4076388888889",1
"77.4506944444445",1
"77.7618055555556",1
"78.8770833333333",1
"78.8958333333333",1
"79.0673611111111",1
"79.7618055555556",1
"79.9159722222222",1
"80.0777777777778",1
"80.44375",1
"80.4875",1
"80.8673611111111",1
"81.7694444444444",1
"82.6458333333333",1
"84.2402777777778",1
"84.9402777777778",1
"85.8326388888889",1
"86.5152777777778",1
"86.5756944444445",1
"86.7416666666667",1
"88.0354166666667",1
"88.0375",1
"88.4868055555555",1
"88.4923611111111",1
"88.9159722222222",1
"89.8743055555556",1
"89.9388888888889",1
"90.6347222222222",1
"90.9423611111111",1
"90.9819444444445",1
"91.7409722222222",1
"93.5208333333333",1
"93.7715277777778",1
"97.2472222222222",1
"98.5972222222222",1
"99.8520833333333",1
"100.438194444444",1
"100.441666666667",1
"103.7625",1
"105.445138888889",1
"106.594444444444",1
"107.092361111111",1
"110.523611111111",1
"111.710416666667",1
"112.863888888889",1
"118.736111111111",1
"119.607638888889",1
"120.770138888889",1
"123.041666666667",1
"124.089583333333",1
"128.7125",1
"132.325",1
"139.627083333333",1
"141.790972222222",1
"145.151388888889",1
"150.745833333333",1
"158.468055555556",1
